Name,Description,Mapped_to_VITAL_Path_Use_Cases,Roles,Unique_ID
Set R&D Strategy,Define overall research and development strategy,UC-001: Portfolio optimization analytics,Chief Scientific Officer (https://www.notion.so/Chief-Scientific-Officer-2753dedf985681208724ce76f1e18368?pvs=21),RESP-001
Lead Scientific Innovation,Drive scientific innovation across research programs,UC-002: Competitive intelligence monitoring,Chief Scientific Officer (https://www.notion.so/Chief-Scientific-Officer-2753dedf985681208724ce76f1e18368?pvs=21),RESP-002
Manage R&D Budget,Oversee and allocate R&D budget,UC-003: Budget planning tools,Chief Scientific Officer (https://www.notion.so/Chief-Scientific-Officer-2753dedf985681208724ce76f1e18368?pvs=21),RESP-003
Build Research Partnerships,Establish academic and industry partnerships,UC-004: Partnership opportunity assessment,Chief Scientific Officer (https://www.notion.so/Chief-Scientific-Officer-2753dedf985681208724ce76f1e18368?pvs=21),RESP-004
Represent Science Externally,Represent company at scientific conferences,UC-005: Conference content generation,Chief Scientific Officer (https://www.notion.so/Chief-Scientific-Officer-2753dedf985681208724ce76f1e18368?pvs=21),RESP-005
Manage Discovery Portfolio,Oversee drug discovery project portfolio,UC-006: Pipeline management dashboard,Head of Discovery (https://www.notion.so/Head-of-Discovery-2753dedf985681a1ac19c94eaab2c2a5?pvs=21),RESP-006
Lead Target Selection,Guide target identification and validation,UC-007: Target landscape analysis,Head of Discovery (https://www.notion.so/Head-of-Discovery-2753dedf985681a1ac19c94eaab2c2a5?pvs=21),RESP-007
Optimize Discovery Process,Improve discovery workflows and timelines,UC-008: Process optimization tools,Head of Discovery (https://www.notion.so/Head-of-Discovery-2753dedf985681a1ac19c94eaab2c2a5?pvs=21),RESP-008
Review Discovery Data,Evaluate discovery project data and decisions,UC-010: Data analysis platform,Head of Discovery (https://www.notion.so/Head-of-Discovery-2753dedf985681a1ac19c94eaab2c2a5?pvs=21),RESP-010
Manage Discovery Teams,Lead and develop discovery scientists,UC-009: Team performance tracking,Head of Discovery (https://www.notion.so/Head-of-Discovery-2753dedf985681a1ac19c94eaab2c2a5?pvs=21),RESP-009
Conduct Experiments,Execute laboratory experiments,UC-012: Protocol templates,Principal Scientist (https://www.notion.so/Principal-Scientist-2753dedf9856813f983fc1e4a4aa56c8?pvs=21),RESP-012
Design Research Studies,Design and plan research experiments,UC-011: Experimental design assistant,Principal Scientist (https://www.notion.so/Principal-Scientist-2753dedf9856813f983fc1e4a4aa56c8?pvs=21),RESP-011
Analyze Research Data,Analyze and interpret experimental data,UC-013: Statistical analysis tools,Principal Scientist (https://www.notion.so/Principal-Scientist-2753dedf9856813f983fc1e4a4aa56c8?pvs=21),RESP-013
Present Research Findings,Present results at meetings and conferences,UC-015: Presentation generator,Principal Scientist (https://www.notion.so/Principal-Scientist-2753dedf9856813f983fc1e4a4aa56c8?pvs=21),RESP-015
Write Scientific Papers,Author research publications,UC-014: Publication writing assistant,Principal Scientist (https://www.notion.so/Principal-Scientist-2753dedf9856813f983fc1e4a4aa56c8?pvs=21),RESP-014
Synthesize Compounds,Synthesize and purify drug candidates,UC-017: Synthesis planning,Medicinal Chemist (https://www.notion.so/Medicinal-Chemist-2753dedf985681219e1cce26b6b1615a?pvs=21),RESP-017
Design Drug Molecules,Design novel chemical entities,UC-016: Molecular design tools,Medicinal Chemist (https://www.notion.so/Medicinal-Chemist-2753dedf985681219e1cce26b6b1615a?pvs=21),RESP-016
Optimize Lead Compounds,Improve potency and selectivity of leads,UC-018: SAR analysis platform,Medicinal Chemist (https://www.notion.so/Medicinal-Chemist-2753dedf985681219e1cce26b6b1615a?pvs=21),RESP-018
Analyze Structure-Activity,Perform structure-activity relationship studies,UC-019: SAR visualization,Medicinal Chemist (https://www.notion.so/Medicinal-Chemist-2753dedf985681219e1cce26b6b1615a?pvs=21),RESP-019
Document Chemistry Work,Maintain detailed chemistry documentation,UC-020: Electronic lab notebook,Medicinal Chemist (https://www.notion.so/Medicinal-Chemist-2753dedf985681219e1cce26b6b1615a?pvs=21),RESP-020
Validate Drug Targets,Validate biological targets,UC-022: Target validation database,Molecular Biologist (https://www.notion.so/Molecular-Biologist-2753dedf9856819796b2edbdd1270c65?pvs=21),RESP-022
Study Disease Mechanisms,Investigate molecular disease mechanisms,UC-021: Pathway analysis tools,Molecular Biologist (https://www.notion.so/Molecular-Biologist-2753dedf9856819796b2edbdd1270c65?pvs=21),RESP-021
Develop Assays,Develop biological assays,UC-023: Assay design assistant,Molecular Biologist (https://www.notion.so/Molecular-Biologist-2753dedf9856819796b2edbdd1270c65?pvs=21),RESP-023
Screen Compounds,Screen compounds in biological assays,UC-024: Screening data management,Molecular Biologist (https://www.notion.so/Molecular-Biologist-2753dedf9856819796b2edbdd1270c65?pvs=21),RESP-024
Characterize Drug Effects,Characterize biological effects of compounds,UC-025: Effect profiling tools,Molecular Biologist (https://www.notion.so/Molecular-Biologist-2753dedf9856819796b2edbdd1270c65?pvs=21),RESP-025
Plan Preclinical Studies,Design preclinical development plans,UC-026: Preclinical planning tools,Head of Preclinical (https://www.notion.so/Head-of-Preclinical-2753dedf985681b98523df6745011e4c?pvs=21),RESP-026
Coordinate CROs,Manage contract research organizations,UC-028: CRO management platform,Head of Preclinical (https://www.notion.so/Head-of-Preclinical-2753dedf985681b98523df6745011e4c?pvs=21),RESP-028
Manage IND-Enabling Studies,Oversee IND-enabling study packages,UC-027: IND preparation checklist,Head of Preclinical (https://www.notion.so/Head-of-Preclinical-2753dedf985681b98523df6745011e4c?pvs=21),RESP-027
Interface with Clinical,Bridge preclinical and clinical development,UC-030: Translation planning,Head of Preclinical (https://www.notion.so/Head-of-Preclinical-2753dedf985681b98523df6745011e4c?pvs=21),RESP-030
Review Safety Data,Evaluate preclinical safety data,UC-029: Safety assessment tools,Head of Preclinical (https://www.notion.so/Head-of-Preclinical-2753dedf985681b98523df6745011e4c?pvs=21),RESP-029
Design Toxicology Studies,Design toxicology study protocols,UC-031: Tox study designer,Toxicologist (https://www.notion.so/Toxicologist-2753dedf98568102b61ecbea95b03bbc?pvs=21),RESP-031
Determine NOAEL,Establish no observed adverse effect levels,UC-033: NOAEL calculator,Toxicologist (https://www.notion.so/Toxicologist-2753dedf98568102b61ecbea95b03bbc?pvs=21),RESP-033
Assess Safety Profiles,Evaluate compound safety profiles,UC-032: Safety signal detection,Toxicologist (https://www.notion.so/Toxicologist-2753dedf98568102b61ecbea95b03bbc?pvs=21),RESP-032
Support Regulatory Submissions,Provide toxicology sections for submissions,UC-035: Submission support tools,Toxicologist (https://www.notion.so/Toxicologist-2753dedf98568102b61ecbea95b03bbc?pvs=21),RESP-035
Write Toxicology Reports,Author toxicology study reports,UC-034: Report templates,Toxicologist (https://www.notion.so/Toxicologist-2753dedf98568102b61ecbea95b03bbc?pvs=21),RESP-034
Study Drug Mechanisms,Investigate pharmacological mechanisms,UC-036: Mechanism database,Regulatory Writer (https://www.notion.so/Regulatory-Writer-2753dedf98568133ad7ff06a03e8ff37?pvs=21),RESP-036
Evaluate Drug Interactions,Assess drug-drug interactions,UC-038: Interaction checker,"Regulatory Writer (https://www.notion.so/Regulatory-Writer-2753dedf98568133ad7ff06a03e8ff37?pvs=21), Pharmacologist (https://www.notion.so/Pharmacologist-2753dedf98568187a122cb3dec4b7f8d?pvs=21)",RESP-038
Conduct PK/PD Studies,Perform pharmacokinetic/pharmacodynamic studies,UC-037: PK/PD modeling,"Regulatory Writer (https://www.notion.so/Regulatory-Writer-2753dedf98568133ad7ff06a03e8ff37?pvs=21), Pharmacologist (https://www.notion.so/Pharmacologist-2753dedf98568187a122cb3dec4b7f8d?pvs=21)",RESP-037
Model Dose-Response,Model dose-response relationships,UC-039: Dose modeling tools,"Regulatory Writer (https://www.notion.so/Regulatory-Writer-2753dedf98568133ad7ff06a03e8ff37?pvs=21), Pharmacologist (https://www.notion.so/Pharmacologist-2753dedf98568187a122cb3dec4b7f8d?pvs=21)",RESP-039
Predict Human Doses,Predict human equivalent doses,UC-040: Dose prediction platform,"Regulatory Writer (https://www.notion.so/Regulatory-Writer-2753dedf98568133ad7ff06a03e8ff37?pvs=21), Pharmacologist (https://www.notion.so/Pharmacologist-2753dedf98568187a122cb3dec4b7f8d?pvs=21)",RESP-040
Analyze Drug Metabolism,Study drug metabolism pathways,UC-041: Metabolism predictor,DMPK Scientist (https://www.notion.so/DMPK-Scientist-2753dedf9856817d96e1dec28c078b22?pvs=21),RESP-041
Measure Drug Exposure,Measure drug exposure levels,UC-042: Exposure calculator,DMPK Scientist (https://www.notion.so/DMPK-Scientist-2753dedf9856817d96e1dec28c078b22?pvs=21),RESP-042
Assess Bioavailability,Determine drug bioavailability,UC-043: Bioavailability tools,DMPK Scientist (https://www.notion.so/DMPK-Scientist-2753dedf9856817d96e1dec28c078b22?pvs=21),RESP-043
Predict Drug Clearance,Predict drug clearance rates,UC-044: Clearance modeling,DMPK Scientist (https://www.notion.so/DMPK-Scientist-2753dedf9856817d96e1dec28c078b22?pvs=21),RESP-044
Develop Formulations,Create drug formulations,UC-046: Formulation database,Formulation Scientist (https://www.notion.so/Formulation-Scientist-2753dedf9856814c872be23133b9536f?pvs=21),RESP-046
Optimize ADME Properties,Optimize absorption distribution metabolism excretion,UC-045: ADME optimization,DMPK Scientist (https://www.notion.so/DMPK-Scientist-2753dedf9856817d96e1dec28c078b22?pvs=21),RESP-045
Conduct Stability Studies,Perform formulation stability studies,UC-048: Stability tracking,Formulation Scientist (https://www.notion.so/Formulation-Scientist-2753dedf9856814c872be23133b9536f?pvs=21),RESP-048
Optimize Drug Delivery,Optimize delivery systems,UC-047: Delivery design tools,Formulation Scientist (https://www.notion.so/Formulation-Scientist-2753dedf9856814c872be23133b9536f?pvs=21),RESP-047
Scale Formulation Process,Scale up formulation processes,UC-049: Scale-up calculator,Formulation Scientist (https://www.notion.so/Formulation-Scientist-2753dedf9856814c872be23133b9536f?pvs=21),RESP-049
Transfer to Manufacturing,Transfer formulations to manufacturing,UC-050: Tech transfer tools,Formulation Scientist (https://www.notion.so/Formulation-Scientist-2753dedf9856814c872be23133b9536f?pvs=21),RESP-050
Bridge Preclinical-Clinical,Connect preclinical and clinical development,UC-051: Translation tracker,Head of Translational Medicine (https://www.notion.so/Head-of-Translational-Medicine-2753dedf9856811f9dedf96786723bea?pvs=21),RESP-051
Develop Biomarker Strategy,Create biomarker development plans,UC-052: Biomarker planner,Head of Translational Medicine (https://www.notion.so/Head-of-Translational-Medicine-2753dedf9856811f9dedf96786723bea?pvs=21),RESP-052
Design First-in-Human,Design first-in-human studies,UC-053: FIH study designer,Head of Translational Medicine (https://www.notion.so/Head-of-Translational-Medicine-2753dedf9856811f9dedf96786723bea?pvs=21),RESP-053
Establish Proof-of-Concept,Define proof-of-concept criteria,UC-054: PoC criteria builder,Head of Translational Medicine (https://www.notion.so/Head-of-Translational-Medicine-2753dedf9856811f9dedf96786723bea?pvs=21),RESP-054
Guide Dose Selection,Guide clinical dose selection,UC-055: Dose selection tools,Head of Translational Medicine (https://www.notion.so/Head-of-Translational-Medicine-2753dedf9856811f9dedf96786723bea?pvs=21),RESP-055
Conduct Translational Research,Perform translational studies,UC-056: Research tracker,Translational Scientist (https://www.notion.so/Translational-Scientist-2753dedf9856815f90ffda14dfd5d1c5?pvs=21),RESP-056
Validate Biomarkers,Validate clinical biomarkers,UC-057: Validation protocols,Translational Scientist (https://www.notion.so/Translational-Scientist-2753dedf9856815f90ffda14dfd5d1c5?pvs=21),RESP-057
Analyze Patient Samples,Analyze clinical trial samples,UC-058: Sample analysis platform,Translational Scientist (https://www.notion.so/Translational-Scientist-2753dedf9856815f90ffda14dfd5d1c5?pvs=21),RESP-058
Develop Companion Diagnostics,Develop companion diagnostic tests,UC-059: CDx development tools,Translational Scientist (https://www.notion.so/Translational-Scientist-2753dedf9856815f90ffda14dfd5d1c5?pvs=21),RESP-059
Support Clinical Trials,Provide translational support to trials,UC-060: Trial support dashboard,Translational Scientist (https://www.notion.so/Translational-Scientist-2753dedf9856815f90ffda14dfd5d1c5?pvs=21),RESP-060
Identify Biomarkers,Identify potential biomarkers,UC-061: Biomarker discovery,Biomarker Specialist (https://www.notion.so/Biomarker-Specialist-2753dedf985681329d6bd981567b7648?pvs=21),RESP-061
Validate Biomarker Methods,Validate biomarker analytical methods,UC-063: Method validation,Biomarker Specialist (https://www.notion.so/Biomarker-Specialist-2753dedf985681329d6bd981567b7648?pvs=21),RESP-063
Develop Biomarker Assays,Develop biomarker assays,UC-062: Assay development,Biomarker Specialist (https://www.notion.so/Biomarker-Specialist-2753dedf985681329d6bd981567b7648?pvs=21),RESP-062
Analyze Biomarker Data,Analyze biomarker data from trials,UC-064: Biomarker analytics,Biomarker Specialist (https://www.notion.so/Biomarker-Specialist-2753dedf985681329d6bd981567b7648?pvs=21),RESP-064
Report Biomarker Results,Report biomarker findings,UC-065: Biomarker reporting,Biomarker Specialist (https://www.notion.so/Biomarker-Specialist-2753dedf985681329d6bd981567b7648?pvs=21),RESP-065
Study Genetic Variations,Study genetic factors in drug response,UC-066: Genomics platform,Pharmacogenomics Scientist (https://www.notion.so/Pharmacogenomics-Scientist-2753dedf9856810ab240f1071cb47b55?pvs=21),RESP-066
Identify Patient Subgroups,Identify responder populations,UC-067: Patient stratification,Pharmacogenomics Scientist (https://www.notion.so/Pharmacogenomics-Scientist-2753dedf9856810ab240f1071cb47b55?pvs=21),RESP-067
Develop Genetic Tests,Develop pharmacogenomic tests,UC-068: PGx test development,Pharmacogenomics Scientist (https://www.notion.so/Pharmacogenomics-Scientist-2753dedf9856810ab240f1071cb47b55?pvs=21),RESP-068
Analyze Genomic Data,Analyze genomic datasets,UC-069: Genomic analysis tools,Pharmacogenomics Scientist (https://www.notion.so/Pharmacogenomics-Scientist-2753dedf9856810ab240f1071cb47b55?pvs=21),RESP-069
Apply Systems Biology,Apply systems biology approaches,UC-071: Systems modeling,Systems Biologist (https://www.notion.so/Systems-Biologist-2753dedf9856816f9b13c6246f57e5cd?pvs=21),RESP-071
Guide Personalized Medicine,Support personalized medicine strategies,UC-070: Precision medicine platform,Pharmacogenomics Scientist (https://www.notion.so/Pharmacogenomics-Scientist-2753dedf9856810ab240f1071cb47b55?pvs=21),RESP-070
Model Biological Networks,Model complex biological networks,UC-072: Network analysis,Systems Biologist (https://www.notion.so/Systems-Biologist-2753dedf9856816f9b13c6246f57e5cd?pvs=21),RESP-072
Integrate Multi-Omics,Integrate multi-omics data,UC-073: Omics integration,Systems Biologist (https://www.notion.so/Systems-Biologist-2753dedf9856816f9b13c6246f57e5cd?pvs=21),RESP-073
Predict Drug Effects,Predict systemic drug effects,UC-074: Effect prediction,Systems Biologist (https://www.notion.so/Systems-Biologist-2753dedf9856816f9b13c6246f57e5cd?pvs=21),RESP-074
Lead Trial Operations,Oversee clinical trial operations,UC-076: Operations dashboard,VP Clinical Operations (https://www.notion.so/VP-Clinical-Operations-2753dedf9856813baf11fffd553d317a?pvs=21),RESP-076
Identify Drug Targets,Identify novel drug targets,UC-075: Target identification,Systems Biologist (https://www.notion.so/Systems-Biologist-2753dedf9856816f9b13c6246f57e5cd?pvs=21),RESP-075
Manage Trial Budgets,Manage clinical trial budgets,UC-077: Budget management,VP Clinical Operations (https://www.notion.so/VP-Clinical-Operations-2753dedf9856813baf11fffd553d317a?pvs=21),RESP-077
Optimize Trial Processes,Improve operational efficiency,UC-078: Process optimization,VP Clinical Operations (https://www.notion.so/VP-Clinical-Operations-2753dedf9856813baf11fffd553d317a?pvs=21),RESP-078
Manage Vendor Relationships,Manage CRO and vendor relationships,UC-080: Vendor management,VP Clinical Operations (https://www.notion.so/VP-Clinical-Operations-2753dedf9856813baf11fffd553d317a?pvs=21),RESP-080
Ensure Trial Quality,Ensure trial quality standards,UC-079: Quality metrics,VP Clinical Operations (https://www.notion.so/VP-Clinical-Operations-2753dedf9856813baf11fffd553d317a?pvs=21),RESP-079
Plan Clinical Trials,Develop trial project plans,UC-081: Trial planning tools,Clinical Trial Manager (https://www.notion.so/Clinical-Trial-Manager-2753dedf985681459552c84851116df0?pvs=21),RESP-081
Manage Trial Timelines,Manage trial timelines and milestones,UC-082: Timeline tracker,Clinical Trial Manager (https://www.notion.so/Clinical-Trial-Manager-2753dedf985681459552c84851116df0?pvs=21),RESP-082
Coordinate Trial Activities,Coordinate cross-functional activities,UC-083: Activity coordinator,Clinical Trial Manager (https://www.notion.so/Clinical-Trial-Manager-2753dedf985681459552c84851116df0?pvs=21),RESP-083
Track Trial Progress,Monitor trial progress and metrics,UC-084: Progress dashboard,Clinical Trial Manager (https://www.notion.so/Clinical-Trial-Manager-2753dedf985681459552c84851116df0?pvs=21),RESP-084
Report Trial Status,Report trial status to management,UC-085: Status reporting,Clinical Trial Manager (https://www.notion.so/Clinical-Trial-Manager-2753dedf985681459552c84851116df0?pvs=21),RESP-085
Monitor Trial Sites,Conduct site monitoring visits,UC-086: Monitoring planner,Clinical Research Associate (https://www.notion.so/Clinical-Research-Associate-2753dedf9856810bab38d8b0f06934b3?pvs=21),RESP-086
Verify Source Data,Perform source data verification,UC-087: SDV tools,Clinical Research Associate (https://www.notion.so/Clinical-Research-Associate-2753dedf9856810bab38d8b0f06934b3?pvs=21),RESP-087
Ensure Protocol Compliance,Ensure sites follow protocol,UC-088: Compliance checker,Clinical Research Associate (https://www.notion.so/Clinical-Research-Associate-2753dedf9856810bab38d8b0f06934b3?pvs=21),RESP-088
Train Site Staff,Train site personnel on protocols,UC-090: Training platform,Clinical Research Associate (https://www.notion.so/Clinical-Research-Associate-2753dedf9856810bab38d8b0f06934b3?pvs=21),RESP-090
Manage Site Issues,Resolve site issues and queries,UC-089: Issue tracker,Clinical Research Associate (https://www.notion.so/Clinical-Research-Associate-2753dedf9856810bab38d8b0f06934b3?pvs=21),RESP-089
Coordinate Site Activities,Coordinate activities at trial site,UC-091: Site coordinator,Study Coordinator (https://www.notion.so/Study-Coordinator-2753dedf985681be8ffcda023aabb58b?pvs=21),RESP-091
Recruit Patients,Support patient recruitment,UC-092: Recruitment tracker,Study Coordinator (https://www.notion.so/Study-Coordinator-2753dedf985681be8ffcda023aabb58b?pvs=21),RESP-092
Manage Site Documentation,Maintain site regulatory documents,UC-093: Document management,Study Coordinator (https://www.notion.so/Study-Coordinator-2753dedf985681be8ffcda023aabb58b?pvs=21),RESP-093
Support Site Visits,Support monitoring and audit visits,UC-094: Visit scheduler,Study Coordinator (https://www.notion.so/Study-Coordinator-2753dedf985681be8ffcda023aabb58b?pvs=21),RESP-094
Ensure Site Compliance,Ensure site GCP compliance,UC-095: GCP checklist,Study Coordinator (https://www.notion.so/Study-Coordinator-2753dedf985681be8ffcda023aabb58b?pvs=21),RESP-095
Manage Drug Supply,Manage clinical trial material supply,UC-096: Supply management,Clinical Supply Manager (https://www.notion.so/Clinical-Supply-Manager-2753dedf985681229f7ceecf59602b06?pvs=21),RESP-096
Coordinate Distribution,Coordinate drug distribution to sites,UC-098: Distribution tracker,Clinical Supply Manager (https://www.notion.so/Clinical-Supply-Manager-2753dedf985681229f7ceecf59602b06?pvs=21),RESP-098
Forecast Drug Needs,Forecast clinical supply requirements,UC-097: Demand forecasting,Clinical Supply Manager (https://www.notion.so/Clinical-Supply-Manager-2753dedf985681229f7ceecf59602b06?pvs=21),RESP-097
Track Drug Inventory,Track drug inventory and expiry,UC-099: Inventory management,Clinical Supply Manager (https://www.notion.so/Clinical-Supply-Manager-2753dedf985681229f7ceecf59602b06?pvs=21),RESP-099
Manage Returns,Manage drug returns and destruction,UC-100: Returns processing,Clinical Supply Manager (https://www.notion.so/Clinical-Supply-Manager-2753dedf985681229f7ceecf59602b06?pvs=21),RESP-100
Provide Medical Leadership,Provide medical and scientific leadership,UC-101: Medical strategy tools,Chief Medical Officer (https://www.notion.so/Chief-Medical-Officer-2753dedf985681759ad6dceb2250dcd8?pvs=21),RESP-101
Review Clinical Data,Review and interpret clinical data,UC-102: Data review platform,Chief Medical Officer (https://www.notion.so/Chief-Medical-Officer-2753dedf985681759ad6dceb2250dcd8?pvs=21),RESP-102
Interface with Regulators,Interface with regulatory authorities,UC-104: Regulatory tracker,Chief Medical Officer (https://www.notion.so/Chief-Medical-Officer-2753dedf985681759ad6dceb2250dcd8?pvs=21),RESP-104
Make Go/No-Go Decisions,Make development go/no-go decisions,UC-103: Decision support,Chief Medical Officer (https://www.notion.so/Chief-Medical-Officer-2753dedf985681759ad6dceb2250dcd8?pvs=21),RESP-103
Lead Therapeutic Strategy,Lead therapeutic area strategy,UC-106: TA strategy planner,Therapeutic Area Head (https://www.notion.so/Therapeutic-Area-Head-2753dedf985681308c34fa8da5b534ba?pvs=21),RESP-106
Present to Investors,Present clinical data to investors,UC-105: Investor materials,Chief Medical Officer (https://www.notion.so/Chief-Medical-Officer-2753dedf985681759ad6dceb2250dcd8?pvs=21),RESP-105
Design Clinical Programs,Design clinical development programs,UC-107: Program designer,Therapeutic Area Head (https://www.notion.so/Therapeutic-Area-Head-2753dedf985681308c34fa8da5b534ba?pvs=21),RESP-107
Review TA Protocols,Review therapeutic area protocols,UC-108: Protocol reviewer,Therapeutic Area Head (https://www.notion.so/Therapeutic-Area-Head-2753dedf985681308c34fa8da5b534ba?pvs=21),RESP-108
Provide TA Expertise,Provide therapeutic area expertise,UC-109: TA knowledge base,Therapeutic Area Head (https://www.notion.so/Therapeutic-Area-Head-2753dedf985681308c34fa8da5b534ba?pvs=21),RESP-109
Design Study Protocols,Design clinical study protocols,UC-111: Protocol builder,Clinical Scientist (https://www.notion.so/Clinical-Scientist-2753dedf985681ce9047e7b58ef88840?pvs=21),RESP-111
Engage with KOLs,Engage with therapeutic area KOLs,UC-110: KOL management,Therapeutic Area Head (https://www.notion.so/Therapeutic-Area-Head-2753dedf985681308c34fa8da5b534ba?pvs=21),RESP-110
Select Study Endpoints,Select primary and secondary endpoints,UC-112: Endpoint selector,Clinical Scientist (https://www.notion.so/Clinical-Scientist-2753dedf985681ce9047e7b58ef88840?pvs=21),RESP-112
Calculate Sample Size,Determine study sample size,UC-113: Sample size calculator,Clinical Scientist (https://www.notion.so/Clinical-Scientist-2753dedf985681ce9047e7b58ef88840?pvs=21),RESP-113
Define Inclusion Criteria,Define patient inclusion/exclusion criteria,UC-114: Criteria builder,Clinical Scientist (https://www.notion.so/Clinical-Scientist-2753dedf985681ce9047e7b58ef88840?pvs=21),RESP-114
Write Study Synopsis,Write protocol synopsis,UC-115: Synopsis generator,Clinical Scientist (https://www.notion.so/Clinical-Scientist-2753dedf985681ce9047e7b58ef88840?pvs=21),RESP-115
Provide Medical Oversight,Provide medical oversight of trials,UC-116: Medical monitoring,Medical Monitor (https://www.notion.so/Medical-Monitor-2753dedf985681a09738f0ab98e5a3da?pvs=21),RESP-116
Make Medical Decisions,Make medical decisions about patients,UC-118: Decision tracker,Medical Monitor (https://www.notion.so/Medical-Monitor-2753dedf985681a09738f0ab98e5a3da?pvs=21),RESP-118
Review Safety Data,Review trial safety data,UC-117: Safety reviewer,Medical Monitor (https://www.notion.so/Medical-Monitor-2753dedf985681a09738f0ab98e5a3da?pvs=21),RESP-117
Support Data Review,Support data review meetings,UC-120: Review coordinator,Medical Monitor (https://www.notion.so/Medical-Monitor-2753dedf985681a09738f0ab98e5a3da?pvs=21),RESP-120
Interface with Sites,Interface with investigator sites,UC-119: Site communication,Medical Monitor (https://www.notion.so/Medical-Monitor-2753dedf985681a09738f0ab98e5a3da?pvs=21),RESP-119
Write Clinical Protocols,Author clinical trial protocols,UC-121: Protocol templates,Protocol Writer (https://www.notion.so/Protocol-Writer-2753dedf985681f99d48c3c9f9de5e77?pvs=21),RESP-121
Create Study Documents,Create study-specific documents,UC-123: Document generator,Protocol Writer (https://www.notion.so/Protocol-Writer-2753dedf985681f99d48c3c9f9de5e77?pvs=21),RESP-123
Develop Protocol Amendments,Write protocol amendments,UC-122: Amendment tracker,Protocol Writer (https://www.notion.so/Protocol-Writer-2753dedf985681f99d48c3c9f9de5e77?pvs=21),RESP-122
Incorporate Feedback,Incorporate stakeholder feedback,UC-125: Feedback manager,Protocol Writer (https://www.notion.so/Protocol-Writer-2753dedf985681f99d48c3c9f9de5e77?pvs=21),RESP-125
Ensure Protocol Quality,Ensure protocol quality and clarity,UC-124: Quality checker,Protocol Writer (https://www.notion.so/Protocol-Writer-2753dedf985681f99d48c3c9f9de5e77?pvs=21),RESP-124
Lead Data Management,Lead clinical data management function,UC-126: Data management platform,Head of Data Management (https://www.notion.so/Head-of-Data-Management-2753dedf9856812c9300eba3325731db?pvs=21),RESP-126
Define Data Standards,Define data collection standards,UC-127: Standards library,Head of Data Management (https://www.notion.so/Head-of-Data-Management-2753dedf9856812c9300eba3325731db?pvs=21),RESP-127
Oversee Database Build,Oversee clinical database development,UC-128: Database builder,Head of Data Management (https://www.notion.so/Head-of-Data-Management-2753dedf9856812c9300eba3325731db?pvs=21),RESP-128
Manage Data Transfers,Manage data transfers and migrations,UC-130: Transfer manager,Head of Data Management (https://www.notion.so/Head-of-Data-Management-2753dedf9856812c9300eba3325731db?pvs=21),RESP-130
Ensure Data Quality,Ensure clinical data quality,UC-129: Quality metrics,Head of Data Management (https://www.notion.so/Head-of-Data-Management-2753dedf9856812c9300eba3325731db?pvs=21),RESP-129
Design CRFs,Design case report forms,UC-131: CRF designer,Clinical Data Manager (https://www.notion.so/Clinical-Data-Manager-2753dedf9856811c92eae7f83d3b0047?pvs=21),RESP-131
Build Clinical Databases,Build and validate clinical databases,UC-132: Database tools,Clinical Data Manager (https://www.notion.so/Clinical-Data-Manager-2753dedf9856811c92eae7f83d3b0047?pvs=21),RESP-132
Clean Clinical Data,Clean and reconcile clinical data,UC-133: Data cleaning,Clinical Data Manager (https://www.notion.so/Clinical-Data-Manager-2753dedf9856811c92eae7f83d3b0047?pvs=21),RESP-133
Lock Databases,Perform database lock procedures,UC-135: Lock procedures,Clinical Data Manager (https://www.notion.so/Clinical-Data-Manager-2753dedf9856811c92eae7f83d3b0047?pvs=21),RESP-135
Generate Queries,Generate and manage data queries,UC-134: Query management,Clinical Data Manager (https://www.notion.so/Clinical-Data-Manager-2753dedf9856811c92eae7f83d3b0047?pvs=21),RESP-134
Program EDC Systems,Program electronic data capture systems,UC-136: EDC programming,Database Programmer (https://www.notion.so/Database-Programmer-2753dedf985681bf9097f3524bfaf7c0?pvs=21),RESP-136
Create Edit Checks,Create database edit checks,UC-137: Edit check builder,Database Programmer (https://www.notion.so/Database-Programmer-2753dedf985681bf9097f3524bfaf7c0?pvs=21),RESP-137
Develop Data Reports,Develop data management reports,UC-138: Report generator,Database Programmer (https://www.notion.so/Database-Programmer-2753dedf985681bf9097f3524bfaf7c0?pvs=21),RESP-138
Validate Databases,Validate database functionality,UC-139: Validation tools,Database Programmer (https://www.notion.so/Database-Programmer-2753dedf985681bf9097f3524bfaf7c0?pvs=21),RESP-139
Implement CDISC Standards,Implement CDISC data standards,UC-141: CDISC tools,Data Standards Specialist (https://www.notion.so/Data-Standards-Specialist-2753dedf9856814cb5a4d2af2f386865?pvs=21),RESP-141
Support Data Queries,Support data query resolution,UC-140: Query support,Database Programmer (https://www.notion.so/Database-Programmer-2753dedf985681bf9097f3524bfaf7c0?pvs=21),RESP-140
Map Data Domains,Map data to standard domains,UC-142: Domain mapper,Data Standards Specialist (https://www.notion.so/Data-Standards-Specialist-2753dedf9856814cb5a4d2af2f386865?pvs=21),RESP-142
Create SDTM Datasets,Create SDTM datasets,UC-143: SDTM generator,Data Standards Specialist (https://www.notion.so/Data-Standards-Specialist-2753dedf9856814cb5a4d2af2f386865?pvs=21),RESP-143
Develop ADaM Datasets,Develop ADaM analysis datasets,UC-144: ADaM builder,Data Standards Specialist (https://www.notion.so/Data-Standards-Specialist-2753dedf9856814cb5a4d2af2f386865?pvs=21),RESP-144
Validate Submissions,Validate submission data packages,UC-145: Package validator,Data Standards Specialist (https://www.notion.so/Data-Standards-Specialist-2753dedf9856814cb5a4d2af2f386865?pvs=21),RESP-145
Review Statistical Plans,Review statistical analysis plans,UC-147: SAP reviewer,Head of Biostatistics (https://www.notion.so/Head-of-Biostatistics-2753dedf985681e4b788c8d795098d86?pvs=21),RESP-147
Lead Biostatistics,Lead biostatistics function,UC-146: Statistics platform,Head of Biostatistics (https://www.notion.so/Head-of-Biostatistics-2753dedf985681e4b788c8d795098d86?pvs=21),RESP-146
Oversee Statistical Analysis,Oversee statistical analyses,UC-148: Analysis oversight,Head of Biostatistics (https://www.notion.so/Head-of-Biostatistics-2753dedf985681e4b788c8d795098d86?pvs=21),RESP-148
Present Statistical Results,Present statistical findings,UC-150: Results presenter,Head of Biostatistics (https://www.notion.so/Head-of-Biostatistics-2753dedf985681e4b788c8d795098d86?pvs=21),RESP-150
Interface with Regulators,Interface with regulatory statisticians,UC-149: Regulatory stats,Head of Biostatistics (https://www.notion.so/Head-of-Biostatistics-2753dedf985681e4b788c8d795098d86?pvs=21),RESP-149
Perform Primary Analysis,Perform primary efficacy analyses,UC-152: Primary analysis,Principal Biostatistician (https://www.notion.so/Principal-Biostatistician-2753dedf9856812fbf61ee52795949d4?pvs=21),RESP-152
Develop SAPs,Develop statistical analysis plans,UC-151: SAP generator,Principal Biostatistician (https://www.notion.so/Principal-Biostatistician-2753dedf9856812fbf61ee52795949d4?pvs=21),RESP-151
Conduct Safety Analysis,Conduct safety analyses,UC-153: Safety statistics,Principal Biostatistician (https://www.notion.so/Principal-Biostatistician-2753dedf9856812fbf61ee52795949d4?pvs=21),RESP-153
Calculate Sample Size,Calculate study sample sizes,UC-154: Sample calculator,Principal Biostatistician (https://www.notion.so/Principal-Biostatistician-2753dedf9856812fbf61ee52795949d4?pvs=21),RESP-154
Program Statistical Analyses,Program statistical analyses,UC-156: Stats programming,Statistical Programmer (https://www.notion.so/Statistical-Programmer-2753dedf98568152b3bfecb45d18a7c3?pvs=21),RESP-156
Support DMCs,Support data monitoring committees,UC-155: DMC support,Principal Biostatistician (https://www.notion.so/Principal-Biostatistician-2753dedf9856812fbf61ee52795949d4?pvs=21),RESP-155
Create Analysis Datasets,Create analysis datasets,UC-157: Dataset creator,Statistical Programmer (https://www.notion.so/Statistical-Programmer-2753dedf98568152b3bfecb45d18a7c3?pvs=21),RESP-157
Generate TFLs,Generate tables figures listings,UC-158: TFL generator,Statistical Programmer (https://www.notion.so/Statistical-Programmer-2753dedf98568152b3bfecb45d18a7c3?pvs=21),RESP-158
Validate Programs,Validate statistical programs,UC-159: Program validator,Statistical Programmer (https://www.notion.so/Statistical-Programmer-2753dedf98568152b3bfecb45d18a7c3?pvs=21),RESP-159
Program in SAS,Program analyses in SAS,UC-161: SAS programming,SAS Programmer (https://www.notion.so/SAS-Programmer-2753dedf9856814abae6f2f241ebda4b?pvs=21),RESP-161
Document Programming,Document programming specifications,UC-160: Spec documenter,Statistical Programmer (https://www.notion.so/Statistical-Programmer-2753dedf98568152b3bfecb45d18a7c3?pvs=21),RESP-160
Create SAS Macros,Develop SAS macro libraries,UC-162: Macro library,SAS Programmer (https://www.notion.so/SAS-Programmer-2753dedf9856814abae6f2f241ebda4b?pvs=21),RESP-162
Optimize SAS Code,Optimize SAS code performance,UC-163: Code optimizer,SAS Programmer (https://www.notion.so/SAS-Programmer-2753dedf9856814abae6f2f241ebda4b?pvs=21),RESP-163
Support SAS Users,Support other SAS users,UC-165: SAS support,SAS Programmer (https://www.notion.so/SAS-Programmer-2753dedf9856814abae6f2f241ebda4b?pvs=21),RESP-165
Validate SAS Programs,Validate SAS programs,UC-164: SAS validator,SAS Programmer (https://www.notion.so/SAS-Programmer-2753dedf9856814abae6f2f241ebda4b?pvs=21),RESP-164
Lead Regulatory Strategy,Lead global regulatory strategy,UC-166: Strategy platform,VP Regulatory Affairs (https://www.notion.so/VP-Regulatory-Affairs-2753dedf985681aeb492cbdc6a39e9f9?pvs=21),RESP-166
Interface with Agencies,Interface with regulatory agencies,UC-167: Agency tracker,VP Regulatory Affairs (https://www.notion.so/VP-Regulatory-Affairs-2753dedf985681aeb492cbdc6a39e9f9?pvs=21),RESP-167
Oversee Submissions,Oversee regulatory submissions,UC-168: Submission manager,VP Regulatory Affairs (https://www.notion.so/VP-Regulatory-Affairs-2753dedf985681aeb492cbdc6a39e9f9?pvs=21),RESP-168
Build Agency Relations,Build relationships with regulators,UC-170: Relationship manager,VP Regulatory Affairs (https://www.notion.so/VP-Regulatory-Affairs-2753dedf985681aeb492cbdc6a39e9f9?pvs=21),RESP-170
Manage Regulatory Risk,Manage regulatory risks,UC-169: Risk assessment,VP Regulatory Affairs (https://www.notion.so/VP-Regulatory-Affairs-2753dedf985681aeb492cbdc6a39e9f9?pvs=21),RESP-169
Assess Regulatory Requirements,Assess global regulatory requirements,UC-172: Requirements database,Regulatory Strategy Director (https://www.notion.so/Regulatory-Strategy-Director-2753dedf98568112893bdb1845f27c44?pvs=21),RESP-172
Develop Regulatory Plans,Develop regulatory strategies,UC-171: Regulatory planner,Regulatory Strategy Director (https://www.notion.so/Regulatory-Strategy-Director-2753dedf98568112893bdb1845f27c44?pvs=21),RESP-171
Plan Regulatory Meetings,Plan regulatory agency meetings,UC-173: Meeting planner,Regulatory Strategy Director (https://www.notion.so/Regulatory-Strategy-Director-2753dedf98568112893bdb1845f27c44?pvs=21),RESP-173
Review Regulatory Intelligence,Review regulatory intelligence,UC-174: Intelligence platform,Regulatory Strategy Director (https://www.notion.so/Regulatory-Strategy-Director-2753dedf98568112893bdb1845f27c44?pvs=21),RESP-174
Manage Submissions,Manage regulatory submissions,UC-176: Submission tracker,Regulatory Affairs Manager (https://www.notion.so/Regulatory-Affairs-Manager-2753dedf985681c99b62cd4cdf00e4d1?pvs=21),RESP-176
Guide Submission Strategy,Guide submission strategies,UC-175: Strategy guide,Regulatory Strategy Director (https://www.notion.so/Regulatory-Strategy-Director-2753dedf98568112893bdb1845f27c44?pvs=21),RESP-175
Compile Submission Documents,Compile submission dossiers,UC-177: Dossier compiler,Regulatory Affairs Manager (https://www.notion.so/Regulatory-Affairs-Manager-2753dedf985681c99b62cd4cdf00e4d1?pvs=21),RESP-177
Track Regulatory Commitments,Track regulatory commitments,UC-178: Commitment tracker,Regulatory Affairs Manager (https://www.notion.so/Regulatory-Affairs-Manager-2753dedf985681c99b62cd4cdf00e4d1?pvs=21),RESP-178
Coordinate Responses,Coordinate responses to agencies,UC-179: Response coordinator,Regulatory Affairs Manager (https://www.notion.so/Regulatory-Affairs-Manager-2753dedf985681c99b62cd4cdf00e4d1?pvs=21),RESP-179
Write Regulatory Documents,Author regulatory documents,UC-181: Document templates,Regulatory Writer (https://www.notion.so/Regulatory-Writer-2753dedf98568133ad7ff06a03e8ff37?pvs=21),RESP-181
Maintain Regulatory Files,Maintain regulatory documentation,UC-180: File manager,Regulatory Affairs Manager (https://www.notion.so/Regulatory-Affairs-Manager-2753dedf985681c99b62cd4cdf00e4d1?pvs=21),RESP-180
Create Module 2 Documents,Create CTD Module 2 documents,UC-183: Module 2 builder,Regulatory Writer (https://www.notion.so/Regulatory-Writer-2753dedf98568133ad7ff06a03e8ff37?pvs=21),RESP-183
Develop Clinical Summaries,Write clinical summaries,UC-182: Summary generator,Regulatory Writer (https://www.notion.so/Regulatory-Writer-2753dedf98568133ad7ff06a03e8ff37?pvs=21),RESP-182
Ensure Document Quality,Ensure document quality and compliance,UC-185: Quality checker,Regulatory Writer (https://www.notion.so/Regulatory-Writer-2753dedf98568133ad7ff06a03e8ff37?pvs=21),RESP-185
Write Responses to Agencies,Write responses to agency questions,UC-184: Response writer,Regulatory Writer (https://www.notion.so/Regulatory-Writer-2753dedf98568133ad7ff06a03e8ff37?pvs=21),RESP-184
Lead CMC Regulatory,Lead CMC regulatory strategy,UC-186: CMC strategy,CMC Regulatory Head (https://www.notion.so/CMC-Regulatory-Head-2753dedf98568133a478c265f95a9251?pvs=21),RESP-186
Review CMC Data,Review CMC data packages,UC-187: CMC reviewer,CMC Regulatory Head (https://www.notion.so/CMC-Regulatory-Head-2753dedf98568133a478c265f95a9251?pvs=21),RESP-187
Interface with Manufacturing,Interface with manufacturing teams,UC-188: Manufacturing liaison,CMC Regulatory Head (https://www.notion.so/CMC-Regulatory-Head-2753dedf98568133a478c265f95a9251?pvs=21),RESP-188
Guide CMC Submissions,Guide CMC submission content,UC-190: CMC guidance,CMC Regulatory Head (https://www.notion.so/CMC-Regulatory-Head-2753dedf98568133a478c265f95a9251?pvs=21),RESP-190
Assess CMC Changes,Assess regulatory impact of CMC changes,UC-189: Change assessment,CMC Regulatory Head (https://www.notion.so/CMC-Regulatory-Head-2753dedf98568133a478c265f95a9251?pvs=21),RESP-189
Manage CMC Submissions,Manage CMC regulatory submissions,UC-191: CMC submission manager,CMC Regulatory Manager (https://www.notion.so/CMC-Regulatory-Manager-2753dedf985681ecbf3bdf9be0c0f515?pvs=21),RESP-191
Compile CMC Dossiers,Compile CMC dossier sections,UC-192: CMC compiler,CMC Regulatory Manager (https://www.notion.so/CMC-Regulatory-Manager-2753dedf985681ecbf3bdf9be0c0f515?pvs=21),RESP-192
Review Manufacturing Changes,Review manufacturing change controls,UC-193: Change reviewer,CMC Regulatory Manager (https://www.notion.so/CMC-Regulatory-Manager-2753dedf985681ecbf3bdf9be0c0f515?pvs=21),RESP-193
Coordinate Stability Data,Coordinate stability data submissions,UC-194: Stability coordinator,CMC Regulatory Manager (https://www.notion.so/CMC-Regulatory-Manager-2753dedf985681ecbf3bdf9be0c0f515?pvs=21),RESP-194
Track CMC Commitments,Track CMC regulatory commitments,UC-195: CMC tracker,CMC Regulatory Manager (https://www.notion.so/CMC-Regulatory-Manager-2753dedf985681ecbf3bdf9be0c0f515?pvs=21),RESP-195
Write Technical Documents,Write technical regulatory documents,UC-196: Technical writer,Technical Writer (https://www.notion.so/Technical-Writer-2753dedf985681c18eabd03d41d33ef2?pvs=21),RESP-196
Develop Process Descriptions,Develop manufacturing process descriptions,UC-197: Process documenter,Technical Writer (https://www.notion.so/Technical-Writer-2753dedf985681c18eabd03d41d33ef2?pvs=21),RESP-197
Create Specifications,Document product specifications,UC-198: Spec writer,Technical Writer (https://www.notion.so/Technical-Writer-2753dedf985681c18eabd03d41d33ef2?pvs=21),RESP-198
Write Validation Reports,Write validation summary reports,UC-199: Validation reporter,Technical Writer (https://www.notion.so/Technical-Writer-2753dedf985681c18eabd03d41d33ef2?pvs=21),RESP-199
Document Analytical Methods,Document analytical methods,UC-200: Method documentation,Technical Writer (https://www.notion.so/Technical-Writer-2753dedf985681c18eabd03d41d33ef2?pvs=21),RESP-200