agent_name,starter_1_title,starter_1_id,starter_2_title,starter_2_id,starter_3_title,starter_3_id,starter_4_title,starter_4_id
3D Bioprinting Expert,are key considerations designing clinical,09f5e5d0-357c-43cf-aa39-61a9cee14d6d,outline steps required ensure data,c467fd3f-2a3c-4f05-b75e-117df7d90288,Create Personalized Implants,e8e6eadb-254c-4093-9bcb-a59846daf538,Minimize Adverse Events,303f05af-6be6-4e84-9a06-8dd6a7223fd4
3Rs Implementation Specialist,Provide evidence-based medication recommendations managing,6afcc27c-e08d-427e-8767-1e10bf3a1904,Calculate appropriate dosing regimen 70,e00aba50-0ba4-468f-8906-6bd1f30cdc30,Assess potential drug interactions patient,984bd826-265b-4230-9175-3938f4e69ab5,Develop pharmacotherapy decision support plan,f6133faf-019d-4d95-8405-073a0a746ede
AI Drug Discovery Specialist,Analyze pharmacokinetic data Drug,da6d5eb1-4325-4f2f-9161-f0e0afbcdff3,Evaluate potential drug interactions between,10aead93-c8b6-41e7-9f8c-d519966597b9,Assist developing comprehensive pharmacotherapy plan,760143b8-b0dd-4098-bd9f-fa85269b08e1,Provide summary recent clinical trial,bebac961-26d4-408b-985e-bfc179cf26fb
AI/ML Model Validator,Validate performance latest AI model,81610a01-47f1-400b-ba31-b3159c1b81be,Assess potential drug interactions patient,b9c6c7fa-96f4-442c-89b9-fdba03f59645,Recommend Adjustments Based On Renal,4cd4ff19-acda-43c2-95b7-bd41cec2e1e3,Evaluate reliability AI model designed,9fbd03f4-845d-4e24-af75-41a76956c22e
Accelerated Approval Strategist,Analyze latest FDA guidelines accelerated,3edbb436-69d8-4288-8716-5a3d1cf287be,Develop detailed plan regulatory submission,24fd5b62-7162-472c-a8c1-94ab651aa972,Identify top three compliance risks,78cf867e-3a61-4335-bb2f-b22454708535,Align Our Submission Documents With,3c7b9b60-71b0-4e0c-9b41-fc234c7ebcff
Access Analytics Manager,Analyze latest market access trends,78cf3318-8e66-4cd3-85a4-bf832addc300,Evaluate performance our current market,224eeb3d-c8d3-48d5-85bf-8aa7edb1e756,Construct A Strategic Presentation On,5b9342ed-00e3-4a64-ba77-1105d7fcd8f2,Identify and prioritize key stakeholders,05df4d24-22de-4e61-8e30-e75c6479d5df
Adaptive Trial Designer,Design clinical trial protocol new,8b1f42c7-31fd-43e2-bb31-917ceb877845,Outline trial operations management strategy,0658c174-2691-470e-872d-b401f47a926d,Develop data quality assurance plan,d9388ea9-839e-4f8f-a60c-14b9985e7330,Create patient safety maintenance protocol,3cd7ab38-e5fb-4ba2-965a-ece3276d2b08
Advanced Therapy Regulatory Expert,Develop A Submission Strategy For,b067fe5d-d39d-45ad-8647-854f860823fa,provide detailed analysis recent changes,aa51bddd-c1bf-48d3-8613-7e5a6a48b77e,Outline compliance checklist conducting clinical,2fae853d-868e-4804-96fc-ea2aa0b4cee6,Combination Products,573fe332-a06d-4a8b-9845-23fbfaa85ecb
Adverse Event Reporter,Provide detailed summary adverse event,7056104c-4844-4b98-858b-fd53c2c99823,Outline regulatory reporting requirements serious,e5a4414f-20f2-41f9-a5c2-778134c466e8,Explain best practices medication guidance,b5b5c67c-ce3f-4f62-aa8c-91582cea724e,Generate checklist conducting pharmacotherapy decision,2b368e15-95ae-4956-92c2-0cd3864c6fc6
Advisory Board Organizer,Identify and engage three key opinion leaders in the oncology field to discuss emerging trends in ca...,381a2b3b-6713-4c88-961e-f83de5c37c38,"Draft a detailed outline for a medical publication that synthesizes recent clinical trial results, e...",072053b3-e350-4736-9922-92a912fb3099,Develop a comprehensive plan for generating medical evidence that supports the efficacy of our new d...,136b704e-76be-421a-9bcd-ad532aba896c,Organize a roundtable discussion with leading experts in neurology to gather insights on the latest ...,b8d8a6b0-fe5c-4491-b87e-015b2a69aa66
Agency Meeting Strategist,Outline comprehensive submission strategy new,061045ce-3b28-4bec-828d-098ad2f434fa,Analyze recent FDA regulations pertaining,faa3e5eb-14c1-4ead-9b60-31c514f4c0e7,Develop risk management plan that,67ab3536-913c-4af5-bce9-f06dbf35cf1b,Expedite Their Clinical Trial Submissions,f17e3f2f-0fa9-4880-9e6b-2a55298a519f
Aggregate Report Coordinator,Generate detailed safety signal detection,d3b4e33a-467e-41d5-a56a-b2f559c780c7,Conduct comprehensive benefit-risk assessment our,48369ade-c67a-47ab-8d1a-d8f4d289c53a,Prepare safety report summarizing all,76447f3d-ce8e-41fb-8a60-9c78c1313360,Develop proactive patient safety monitoring,9561437e-2456-4aea-b49f-15b9d08188aa
Analytical Method Developer,Develop detailed analytical method quantifying,7b2479cc-0583-4602-ba56-810d3ece13d3,Provide comprehensive dosing calculation pediatric,4d182a60-97ea-46a1-aec3-500dfc5f1c54,Assess potential drug interactions patient,58e833fe-f19c-4e05-bc44-ebe4347fe921,Create step-by-step protocol stability testing,f33b0926-b1fc-4e63-a3fd-26c3343c9081
Anti-Corruption Specialist,Review our current policies for FCPA compliance and identify any gaps that could expose us to corrup...,3d6a6169-1bd5-44d5-93e4-a812e44cde3a,Provide a detailed analysis of our recent clinical trial partnerships to ensure all agreements adher...,dd6f260d-6a9f-4d06-8992-e1618d6cf10b,Create a step-by-step guide for our sales team on how to navigate medication guidance in compliance ...,2191fcc3-0bd3-482c-a750-05194845fefb,"Outline the safety protocol adherence requirements for our manufacturing processes, ensuring we meet...",4b1510e6-2b5e-494e-9c45-5925e05440c5
Antibody-Drug Conjugate Specialist,Enhance Tumor Targeting While Minimizing,c4226020-1ac8-405d-a64c-1a6ccd44a719,outline clinical trial protocol evaluating,4d4084e3-8f40-4012-9463-b7e69b23f7ed,Ensure Regulatory Compliance And Data,a12016f1-f62d-4257-8211-0b5d93848a14,Maximize Therapeutic Effect While Reducing,0aa2d923-c0d4-461f-90f4-cfa334bc9f49
Anticoagulation Specialist,Provide comprehensive analysis latest clinical,70ba2955-8919-456f-8adc-cceb9d757486,Calculate appropriate dosing regimen patient,b5186d43-a963-464b-ba68-1872be5e91ed,Assess potential drug interactions patient,ab5287f3-df93-43d0-9af3-f1057384cbe2,Determine The Safest Pharmacotherapy Approach,04965a71-4474-4441-84a9-9972183e5229
Artificial Organ Developer,Design a comprehensive clinical protocol for a phase II trial evaluating the safety and efficacy of ...,6f2e38f4-f649-449e-8599-7c07d673dfa8,Outline a detailed operational plan for managing the logistics of a multi-center clinical trial for ...,22ba715d-c85d-4ab4-a882-6fc077acf521,Develop a checklist to ensure data quality throughout the clinical trial process of a new biocompati...,338248da-d94a-4ef2-8964-b6ed0d332dd5,Create a patient safety maintenance plan for a clinical trial involving a novel synthetic skin graft...,7a1b2a63-4955-4405-9bec-c86bb7ee8ce1
Base/Prime Editing Expert,Design clinical protocol Phase 1,1611d6c5-0eb4-44e1-b1d5-614d36fc9757,Outline comprehensive plan managing trial,cf4b0237-c79c-4361-919c-d8d08556257a,Develop checklist ensuring data quality,ba1f8a04-7948-48ac-b4d1-5f0ab660420d,Create patient safety maintenance strategy,b5e17e17-4fc4-4a3e-838c-097d4bbbd50d
Basket/Umbrella Trial Specialist,Develop detailed clinical protocol multi-arm,06298d76-e550-496a-88b2-d7582edc4bc7,Outline comprehensive trial operations management,c42560d7-8c3a-4075-8a28-7d718cc17dd0,Design data quality assurance plan,fba31b09-31b2-40fe-8d59-11466d65c596,Create patient safety maintenance checklist,0a2a1164-4d6a-499d-ace5-941462cabe9d
Batch Record Reviewer,The Fda,b925ed65-9ebe-4113-98d2-a71fd276936d,Provide detailed guidance appropriate dosing,8072ed03-d245-45fe-b58a-df88d258d13b,Evaluate potential drug interactions our,94771d45-94aa-4814-b342-a2f0d7ad47cd,Review batch records consistency with,80b71cef-96dd-4e52-955f-a943f462c86b
Benefit-Risk Assessor,Analyze latest safety data from,5efd2b8d-1315-4a6a-ba18-5089a252ef84,Prepare comprehensive benefit-risk assessment report,fd3acdb8-3b0a-4c5e-9a05-b765fe57d4ef,Develop patient safety monitoring plan,9906d1b9-3709-4b4f-a0fd-d1017a967c6a,Conduct comparative analysis benefit-risk profiles,b47dec02-20dc-4471-8ff5-5d776261684c
Bioanalytical Method Developer,"Develop a bioanalytical method for quantifying a new biologic drug in plasma samples, including the ...",a73a1136-aac6-40a6-bd8d-cf85b33e257b,Calculate the optimal dosing regimen for a patient with renal impairment based on their specific cle...,26222e67-7ec7-4434-a476-ce3dcb231e71,"Assess potential drug-drug interactions for a patient taking multiple medications, providing evidenc...",0368b516-3671-43a7-9ae3-878e697b655b,"Design a stability study protocol for a newly formulated drug product, detailing the conditions to b...",1ca393e0-3c6d-4b51-b9c6-ede4b670a3bd
Biomarker Strategy Advisor,Develop clinical protocol design Phase,7df776eb-b9c1-43f9-9403-7b49a5b2cc33,Outline comprehensive trial operations management,bf4ce33a-bcbe-4b56-8e81-623f97ff3a43,Create checklist data quality assurance,8f0b54d3-c999-474f-8744-3dbf71642548,Preemptively Identify Adverse Effects In,e2d1c86f-220b-4833-a740-1bd7e095e81b
Biomarker Validation Expert,are key steps and criteria,a67eedc8-f412-475f-ac85-d5689b1db48f,provide detailed calculation optimal dosing,9294a6c9-cd8f-47e3-a241-04b91fda5450,Identify potential drug interactions patient,5f7a55d4-34f1-4d3e-9543-17928f4e36d8,Outline strategy qualification and validation,e601181d-0280-4fc2-94fe-7357187c0289
Biosimilar Regulatory Specialist,What are the key considerations for developing a submission strategy for a biosimilar product target...,7eaaf576-02f3-4b02-912f-e0f40cd4caab,Can you provide a detailed analysis of recent changes in FDA regulations that impact the approval pr...,3349bef3-fc3f-4bb6-b2bb-21c0629fc184,Outline a step-by-step plan to ensure regulatory compliance for a biosimilar entering the clinical t...,8d812a28-6fec-4532-ba9a-8fcf54457c9c,How can you interpret the FDA's latest biosimilar interchangeability requirements to inform our prod...,a84104e7-c4f6-497d-bc34-37b6da81e26c
Biostatistician,Design clinical trial protocol new,12859418-5fbd-4215-ac4f-6069db6e852d,Interpret clinical data latest phase,194fec68-426b-489e-a9c0-37eb138dfecc,Control For Confounding Variables,3797a3ea-be2d-4f65-ac46-c188e8dc2778,Create comprehensive report statistical power,343ed1d7-a1b2-4e9d-b017-5a785f319940
Bispecific Antibody Expert,Design a clinical protocol for a bispecific antibody trial targeting both CD3 and a tumor-associated...,2a66c213-b55f-47dc-910c-12fcbcc4d00d,"Outline a detailed plan for managing trial operations of a bispecific antibody study, including part...",590fd690-e63a-4eb0-83d4-3438cd649dc0,"Evaluate the data quality assurance processes for a bispecific antibody clinical trial, identifying ...",ad306450-1a18-4549-a5c7-c712b28b4871,"Develop a comprehensive patient safety maintenance strategy for bispecific antibody therapies, focus...",b6e71dd4-5dac-4b6a-a014-ef5a15ba54d0
Blood-Brain Barrier Specialist,Design a clinical protocol for a Phase 2 trial investigating a novel drug's ability to cross the blo...,1ea6c2bd-ecf0-4783-ba58-66062ea26202,Outline the trial operations management plan for a study focused on the efficacy of a blood-brain ba...,5d140614-77ad-407e-93ac-9a0497fffeec,Create a checklist for data quality assurance in a clinical trial evaluating a new treatment for mul...,537b95aa-6b5b-4eb5-8e6c-4b2aa346f1bf,Develop a patient safety maintenance strategy for a clinical trial assessing the safety of a blood-b...,c52e98ad-82e7-4ffe-a23b-d5da47339006
Brand Manager,Design comprehensive integrated marketing campaign,252feeba-d332-4cd8-90be-73f19921701b,Align On Promotional Materials For,601c4ffa-2d36-4ac8-bcd9-e63241b97ff5,Analyze performance our recent promotional,2e2362ad-33c1-4544-b6b0-3205d4778e94,Create detailed day-to-day brand management,19d03735-bc05-4617-9794-58582cd0adfe
Brand Strategy Director,Develop comprehensive brand strategy our,082e1186-a95e-4136-9849-e0d6279dbca5,Outline detailed execution plan upcoming,92a75aba-3e94-47b8-a7a7-c31d9974aafa,Identify regulatory compliance challenges we,57806b4c-d5bc-4eca-a835-a2980978930b,Create communication strategy engaging healthcare,eb14cce9-94c2-4865-accb-ec159f0de363
Breakthrough Therapy Advisor,are key regulatory considerations I,efa73dcf-c452-4727-a9b2-7be60bf5cec2,outline strategic plan navigating regulatory,58bc720f-1f09-412e-bbbe-4af0af55eb2a,Ensure Compliance In My Submission,cc0256c4-cba3-4d2a-82e2-d344ff20e9f4,Ensure That My Biotech Startup,4b528336-62c4-4a34-9ec2-3b23f37cccd0
Business Intelligence Analyst,Analyze the latest clinical trial data for Drug A and provide evidence-based recommendations for its...,ff268844-7f9a-40ef-9de8-22e5127fbd66,"Calculate the appropriate dosing regimen for Patient B, who is currently taking Drug C and has a ren...",597acf06-e686-42c9-82dc-363453fe82b9,Assess the potential drug interactions between Drug D and Drug E for a patient with a history of car...,4a7b233f-2d4e-420e-9689-6d10bf040a40,Develop a decision support framework for healthcare providers that outlines the steps for safe pharm...,8dea4023-e003-43d1-8a1a-ff60b47fd367
CAPA Coordinator,Identify and outline the key steps to ensure GMP compliance in our new manufacturing process for the...,71a99a23-d05d-44d9-8730-da9273e8a216,"Create a detailed investigation plan for a reported deviation in batch production, including root ca...",c0b0aed4-d24a-4a0c-807c-8bbd5755d151,Develop a comprehensive CAPA system management strategy to streamline our workflow and enhance track...,31bc9c6b-7282-42ca-96ff-0431f74daa6e,Review and update our quality standards documentation to align with the latest regulatory requiremen...,e960ceec-4530-4c98-ae61-2af4c192734b
CAR-T Cell Therapy Specialist,Design clinical protocol Phase 1,ef3e55a5-921a-4a77-a509-731c683aa844,Outline operational steps necessary initiate,cef85ca4-8308-44b4-a7a4-93dd9bf05f83,Develop data quality assurance plan,fda366ac-55e6-4720-91ae-3d07f3694416,Create patient safety maintenance checklist,74ac030c-7d46-415c-878a-65321818489d
CMC Regulatory Specialist,Provide detailed submission strategy new,ef1a6c6e-2837-4212-b939-9c8b19fa783b,Analyze latest FDA guidance documents,77e4ba93-0cbe-4b5b-b7ed-0116bc1dd363,Develop checklist regulatory compliance steps,baaef8bc-a212-4f9e-b37d-faa6db1a5b20,Interpret implications recent changes FDA,ab4339aa-2667-4bed-a8ab-7f6355103293
CRISPR Therapeutic Specialist,Design clinical protocol Phase 1,bfba5a4e-7d7f-4a3c-a908-39f12a96fdd2,Outline detailed plan managing trial,a07b7cf2-666d-425a-96d4-9241bac02460,Develop data quality assurance checklist,32e5fe7f-1cf7-492b-8b95-8b9e9292f758,Create risk management framework maintaining,5ddb5529-ad3e-47f7-b7ce-70113452a3df
Cancer Vaccine Expert,Design clinical protocol Phase II,2b201cf2-7c0e-4ad8-aab6-1abce4de12be,Outline comprehensive trial operations management,f0f5641a-a01d-4132-9d3f-fe0ee4cdbcfb,Develop data quality assurance checklist,d87432c8-cdee-4928-91c7-46ade27db94a,Create patient safety maintenance strategy,3baf0a26-21ed-4a38-9bd0-1e64c09ed7ee
Carcinogenicity Study Designer,Design tailored carcinogenicity study protocol,14c0db3d-d9fb-4ebb-a24d-c57ba53cde92,Provide evidence-based medication guidance report,7ab59c87-ab18-4864-9218-4293ef0c3acf,Calculate appropriate dosing regimen novel,397befbd-c3fb-4571-95b0-17234d82b41d,Assess potential drug interactions between,5cc966f7-3bf6-4182-9695-1844eedea27c
Cell Therapy Clinical Specialist,"Design a clinical protocol for a Phase 2 trial of a new CAR-T cell therapy, including study objectiv...",6d05f495-dc4f-43ca-adfa-e531e295a612,"Outline a comprehensive trial operations management plan that includes timelines, resource allocatio...",32a3620b-aff7-4843-b6d6-39289c4ba625,Develop a checklist for data quality assurance processes specifically tailored for clinical trials i...,9c93f390-ed11-4e0e-bbe6-6d164c64bb78,Create a patient safety monitoring plan that details adverse event reporting procedures and risk mit...,9056d150-f49b-40e4-9591-55f3db086b40
Change Control Manager,Identify recent deviations in the manufacturing process and outline a detailed investigation plan to...,ecf05c1a-23d7-4304-b351-3517a7fb76cb,Develop a comprehensive change control procedure tailored for the introduction of a new biopharmaceu...,ca5251cd-7612-49fd-9a52-763b5303626f,Create a CAPA (Corrective and Preventive Action) report for a recurring quality issue in the product...,19f833e0-ef74-4940-ab6c-58d4eae6a433,Evaluate the current quality management system in place for digital health products and recommend ac...,22a66022-d668-4163-8ea6-91f4fd1dcca6
Cleaning Validation Specialist,outline step-by-step process executing cleaning,37abb9d1-5970-4a19-994a-b3a5cd7ae5d7,clinical guidelines should be followed,900924ac-ce1b-473d-b028-6a1a33330a57,Support My Findings,203af2b7-eb46-47f7-8b13-82f9405bfa27,analyze recent cleaning validation report,f36557fa-fb54-49c5-bf1a-9aadc8975f8a
Clinical Data Analyst Agent,Analyze latest clinical trial data,daa99cce-21bf-4f7d-b440-08b0f1aba419,Generate comprehensive report efficacy,41684360-2f7b-4dcf-a2a6-2c19bf1d09d6,Compare The Performance Of Our,0f0db7e0-4856-4a36-8a68-7cdef2598631,Identify and visualize any significant,97df87fd-13b2-4613-9aa7-f584105ccbcf
Clinical Data Manager,Ensure Regulatory Approval And Streamline,1afbeaa6-6a54-4ef3-9401-2ca6cec70d45,Efficiently Manage And Validate Clinical,ca5e0b96-4dd3-48dc-847a-97659a876a57,provide detailed plan conducting data,12e5e5cd-df69-4155-86ee-601554752cf4,Automate Data Entry And Management,2bf8f6bb-69c9-4c4c-bd6f-b8eb1c9f5e2f
Clinical Data Scientist,Analyze the clinical trial data for Drug X and provide evidence-based medication guidance on its eff...,b6e44381-0873-4a72-befa-38a1bb54038e,"Calculate the appropriate dosing regimen for Patient A, a 65-year-old male with renal impairment, wh...",a419b8c2-bb73-42f7-a68f-5771ba883d51,"Identify potential drug interactions for a patient taking Drug X, Drug Y, and Drug Z, and provide re...",cf4092bb-1756-43ec-8c27-3c0599a171e6,Evaluate the latest research on Drug A's pharmacogenomics and suggest personalized dosing strategies...,2c040a03-b133-495e-b696-894573a1e820
Clinical Imaging Specialist,Design clinical protocol Phase II,49defb2a-3bad-4d77-9930-40c5e9235a6e,Outline comprehensive plan managing trial,fc0d3942-e685-49ae-ab38-b349308a3146,Create checklist data quality assurance,a27d7556-e5d0-4232-a1a2-8069bb505bc7,Develop strategy maintaining patient safety,52a816fa-d909-4416-ac6e-c97f87b4fcfc
Clinical Operations Coordinator,Outline comprehensive clinical protocol design,f54a7a99-ca97-4669-a662-34e33e60c6f8,Develop detailed timeline trial operations,8459a963-2b5c-4ce5-9095-aaa46b09b23c,Create checklist data quality assurance,4b50a1b1-0798-44dc-95c3-df1fc481316e,Draft patient safety maintenance plan,7ab23e77-e2f6-45f3-a6ae-032d6ed2fa04
Clinical Pharmacologist,Design clinical trial protocol new,edc81c36-89c2-41cb-b834-b34665c90103,Outline step-by-step operational management strategy,f83cdf1d-76e7-4efa-9c12-dac655d1f45d,Create checklist data quality assurance,38b3e55f-6f61-42b0-a4e8-ac21f20abe17,Develop risk management plan enhance,7927a9c6-57ee-4497-8dd6-bae16504bd49
Clinical Protocol Writer,Develop detailed clinical protocol Phase,64d612c0-f820-41f5-b0c8-435edd88f98c,Outline comprehensive SOP (Standard Operating,c7fd74bc-1b88-41dc-b8d8-6d17beb39ce4,Create checklist ensuring data quality,e04a0493-8045-4aef-a528-9d18ad11e656,Draft patient safety monitoring plan,36072015-a91f-4a4d-b1fe-a20f6cda91ee
Clinical Study Liaison,Outline step-by-step plan facilitate startup,15bbeaa8-8f83-43fd-b196-47e08ca62614,Develop comprehensive strategy maintaining strong,ae048a3a-60eb-40b6-9ab1-3fe2815e73a2,Create checklist ensuring compliance with,bd1f0e07-9a05-4fdf-94a1-1d3dab2e8345,Integrate Real,0b66df9f-48f9-4e42-b254-3da283ee3db5
Clinical Trial Budget Estimator,Analyze proposed clinical trial protocol,732744fa-2343-43a3-a0ad-ea4612de34d1,Evaluate data quality assurance processes,ba7cf785-3f6e-45fa-80fd-aef97540b595,Identify key patient safety maintenance,fd0b56ef-1fed-4190-92ab-9299dbbe9bdd,Develop comprehensive budget plan multicenter,5c48c2c4-85c7-4aa9-96bc-d75a3dc89a6b
Clinical Trial Designer,Design clinical trial protocol Phase,87f6c868-50e6-4e3f-8cf7-2e8837c9e2f7,Select and justify primary and,a082e43b-2d96-46fd-8a6f-e4cb70e89655,Calculate sample size needed randomized,1bfc9e21-fd6e-4f81-87ef-f23703efa5a8,Provide statistical analysis strategies interpreting,ebb7094d-d5eb-4855-9246-51275f632ec9
Clinical Trial Disclosure Manager,Generate checklist ensuring compliance with,4e8ddab6-02ef-4663-a6cf-122678e40e4b,Draft template clinical trial results,f5d3a4f8-8e26-423d-8109-77f50a618c39,Outline steps take when clinical,44395ecd-5037-47d7-babb-a6c5d464d68f,Analyze current status our clinical,7f355414-d413-4f5d-82ab-87e8b73143d0
Clinical Trial Protocol Designer,Design Phase II clinical trial,8966f030-b592-4ac4-9d88-7fea32fb541e,Optimize study design multi-center trial,ad1f61cd-90bd-4869-9906-ceac8814f548,Ensure compliance regulatory standards creating,ada3e0cd-09f3-4635-8ace-ead7654a25b9,Develop protocol randomized controlled trial,5ef1cc47-9dfa-46a4-bfff-40c25b322d1d
Clinical Trial Simulation Expert,Analyze potential drug interactions patient,b08d8161-c7fb-43e5-bac1-33a59a17556a,Calculate appropriate dosing regimen new,cf1346d6-aeb2-4226-b017-42f612ca0fca,Evaluate efficacy recently published clinical,5cee8203-9971-4893-851f-ee64742c173e,Simulate expected outcomes clinical trial,a4fa6479-c862-4e05-ba13-58137be7bb24
Clinical Trial Transparency Officer,Ensure Compliance With The Latest,370d85f6-6102-4c0a-bcb1-472608955e29,provide detailed disclosure management plan,9eb9a667-2b6f-4adc-9550-78e404a64dc5,are recommended dosing calculations our,1880e7cf-9462-4c44-b06c-3c505075913c,Ensure Transparency While Protecting Proprietary,40517055-5e4d-4c18-ad13-e2287b3f0667
Cold Chain Specialist,Analyze the current temperature control protocols in our cold chain logistics for biopharmaceuticals...,80edae37-8feb-4a5d-8a12-d95eef09bf9e,Provide a detailed checklist for ensuring compliance with temperature-sensitive medication storage r...,ffae1d06-1942-475a-a3a1-ccbc6348ca99,Develop a standard operating procedure (SOP) for handling temperature deviations in cold chain trans...,2fa70fcc-5be7-4784-ba78-dee61a76079f,Create a pharmacotherapy decision support tool that includes a comparison of stability data for diff...,78d09d70-6b25-44ec-8a5c-d0ad29386f0b
Combination Product Specialist,Develop clinical protocol combination product,942cfbca-2556-47f2-b136-1c0a7bb6efde,Outline trial operations management plan,ee2bfca2-8d2b-48c7-b676-d41148fc21f3,Create checklist data quality assurance,1a68fef4-f943-4e4e-a2a3-1adb2c7f2dc9,Design patient safety maintenance strategy,e29c0b10-cf4e-481e-bb9a-2afa7edea4ed
Companion Diagnostic Developer,Design clinical protocol new companion,3f4448f7-04e7-4605-b725-92021dbc4d5e,Outline operational steps required manage,e1881dd6-a440-49df-9bcc-6fcfd94574f6,Develop checklist ensuring data quality,e81c0394-102d-4834-bc3a-2143f6844180,Create patient safety monitoring plan,237f7690-9f78-4e7c-8ef0-d5b1276df090
Companion Diagnostic Regulatory Specialist,are key regulatory requirements submitting,63b7d297-5f6f-41ae-9da5-da18d33fd01d,outline strategic approach ensure compliance,8875116f-0110-49f2-8ca1-872f5482d06d,Meet Fda Guidelines,244d9d88-28b4-4d12-a23b-4a203cc18646,Enhance Our Product Development Timeline,f6d3f95f-17db-4e3f-8472-91954c412543
Competitive Intelligence Specialist,"Perform a detailed competitor analysis for our latest oncology drug, focusing on market positioning,...",669f4e96-09ca-4f6f-9a27-62da333f638b,Provide a comprehensive medication guidance document for physicians on the optimal dosing and admini...,efdc17d5-ccfa-4930-8887-367f3c2a8f39,Evaluate potential drug interactions for our lead compound when prescribed alongside common cardiova...,2fbcf01c-255b-4d25-928c-a23b265139fe,Calculate the appropriate dosing regimen for our pediatric formulation of a pain relief medication b...,22ca433b-1c39-4874-a2a8-c4ac1955dc9f
Compliance Officer,As Compliance Officer,f9ff607e-e2cb-4f57-affe-ee73082dcd87,Evaluate potential drug interactions between,9198853e-bf0c-4afe-beac-b6ed30cace1b,Calculate appropriate dosage pediatric patient,d0b44007-5ba2-47a8-979b-87ea0baec448,Review latest clinical trial data,4bfe6ade-be8c-4a78-9492-9ba390edab7b
Congress & Events Manager,Outline detailed timeline planning medical,a5a9e643-10d5-4071-822c-de5667e288a4,Develop strategic communication plan strengthen,ab7f74a2-a305-4b82-b197-73fbd5fdd6c7,Create checklist execution,0c961958-0ac5-4498-8210-fe5e53aa708c,Draft budget proposal multi-day medical,c1ead0c2-f219-4541-bd2c-c6fb557acad9
Congress Planning Specialist,Develop comprehensive strategy our upcoming,d4dfd0a3-f269-41a0-af9e-0434fe78588b,Create timeline and outline drafting,ea515387-69f0-4fe4-9b3c-cbddb1c76449,Outline plan generating robust medical,dfe1c3fb-da43-42fa-bde2-1c1b8aafed6f,Conduct thorough compliance review our,777d500f-52f6-4486-bd20-19e8ca1465bc
Container Closure Specialist,"Can you outline the best practices for developing a robust packaging system for a new biologic drug,...",1f485595-1004-43b1-91b6-44afc4b76114,"What steps should I follow to validate a packaging system for a sterile injectable product, ensuring...",708b2b44-3a48-4605-a673-e64d7139c0eb,Please provide a comprehensive guide on medication guidance for patients using a complex dosing regi...,38d1b4e8-5f1b-41ba-9bb5-de4f820a8593,How can I accurately calculate dosing for a pediatric formulation while considering the variability ...,9885c506-b5ff-4c9c-ac5d-0de7d4c07d96
Continuous Manufacturing Expert,Ensure Compliance With Fda Regulations,ce81f0d4-b73c-4153-9ab0-ae5c3e763ac8,provide detailed dosing calculation new,7db1587b-9f15-4472-8d1e-fe0dad85561a,assess potential drug interactions patient,07db09fb-51bc-418b-bac5-ac61fb33f69b,are key considerations scaling up,f3675834-23e8-477e-a754-51834c7cea5d
Contract Analyst,Analyze current performance metrics our,0d3cf308-cadb-4999-86ff-9baf5fa6dd51,Generate detailed report compliance status,71cb787a-298d-4367-a892-30e90298d2d9,Review key terms across our,6851b030-0b09-4b7a-b85a-16258fd870d4,Conduct thorough contract performance analysis,c043ba33-808c-4e6d-8133-46b18e64abc2
Contract Manufacturing Manager,Evaluate current performance metrics our,4a25b963-0b21-4aa6-932c-5e2c870489ed,Provide detailed analysis potential drug,600c3909-5748-4ea2-a33f-f1a47b3bf35e,Outline safety protocol compliance checklist,9de36d65-b0b2-48dc-a2c9-2764ca50030a,Develop comprehensive medication guidance document,ffed8595-7162-4a2c-bb7b-4bb15de56551
Contracting Strategy Lead,Develop value-based contracting strategy our,99f7bde6-f8f2-4ad5-b636-c69b2ec8d135,Create comprehensive negotiation plan upcoming,a6f1adc2-e949-41d9-aab4-e63e5a533010,Analyze current market access trends,a871d630-f8c3-4c13-88b1-7296986bc2b0,Draft a step-by-step guide...,ce6809d5-b315-4fb3-a4fe-95b88a6b9e38
Copay Program Manager,Design comprehensive copay assistance program,9817313e-367d-469e-a3d3-a327423cd7e2,Develop management dashboard that tracks,5cd15503-4c8a-4d21-b351-74cf7cdba1e1,Create a step-by-step guide...,d4fa7b35-4055-4a0b-876a-bab2c9629a6b,Analyze current patient feedback copay,b5bb4a76-fbe3-4d7f-99fd-24459a14a841
Customer Insights Analyst,Analyze latest customer research data,731ea09d-9e2a-4a21-9886-85ead23c586a,Using evidence-based medication guidelines,54776a22-08b1-42db-a1ca-340daac79b72,Assess potential drug interactions new,414f266f-49f2-4862-b35b-fbf5ba439241,Conduct comparative analysis customer feedback,83ccae57-7574-4396-ac80-93446556c4b0
DMPK Specialist,Provide evidence-based dosing recommendations patient,3dcd8d24-684e-4ed2-a5b5-e23776ec6c6c,Assess risk drug-drug interactions,1b3b7f8b-671c-4fd8-b36c-fa53c7992be8,Calculate appropriate dosing regimen pediatric,a4c3a8c4-66bc-43fc-adfc-df84809ae5e1,Evaluate therapeutic drug monitoring data,f07fcb46-f6c9-403c-bc0a-c7fbee051c3a
DNA-Encoded Library Expert,Design clinical trial protocol new,d737f87a-eaa2-477e-b1ee-f2f7c67adc88,Outline detailed plan managing trial,8cc81c21-d267-4044-8ce7-387b8b566f5c,Create comprehensive data quality assurance,c8c94d57-5b2b-4ad3-ac80-f38fb6a4ddc1,Develop patient safety maintenance protocol,691fa361-ee75-4755-87ce-55fff884616a
DSMB Liaison,Outline a step-by-step protocol design for a Phase II clinical trial focusing on a new oncology drug...,a1496c51-060d-441e-a0ee-51e9ade26a71,Create a comprehensive checklist for trial operations management to ensure all site initiation visit...,c3bcd96a-919c-49c1-a506-7db0a58ba033,Develop a data quality assurance plan that includes specific metrics to evaluate the accuracy and co...,6f009094-d5ff-4402-8153-4272a3cb4991,Draft a communication strategy for maintaining patient safety throughout a multi-site clinical trial...,9df5a132-f575-444a-b091-3646aeb8ebb1
Data Quality Analyst,Analyze the latest patient data sets to identify any anomalies in medication adherence and report ac...,8fb87374-f22f-44ed-ba0e-92646d07fd0f,Conduct a thorough assessment of our drug interaction databases to flag any potential conflicts in o...,529737ed-2962-4ad1-a2ce-f0f85f966462,Perform a detailed dosing calculation review for our new oncology drug to ensure compliance with est...,5b942e46-4ab5-4e84-bc3b-e3315134ba4d,"Monitor the data quality of clinical trial results to ensure accuracy and reliability, and suggest i...",bac03cae-7096-4890-908c-ab7e870a22dd
Data Visualization Specialist,Create interactive dashboard that visualizes,18e45f18-ebb3-47d5-8804-30d1b3367d07,Develop detailed report using data,88d1f7bb-3e03-463a-a073-e08ca0d98c1a,Design user-friendly interactive tool that,131b221c-81d8-4bec-9062-36293d6e16e1,Build visualization that maps correlation,d0cc7c88-301d-4265-9ee0-7820defcebcd
Database Architect,As Clinical Data Manager,721a3964-6097-46bb-a7f1-4ade61ab8bfa,Account Their Renal Function And,430f9353-85ed-41af-9f51-830896dedee2,assess possible drug interactions patient,67785428-3530-4db4-97fe-2769be1435ad,Using pharmacotherapy decision support,4f32b4fe-3f85-4bc7-b47d-823ca3b15efa
Demand Forecaster,Analyze recent prescription trends Drug,2f36d1e3-b2b9-4507-bcf8-ed10ce476863,Provide detailed report potential drug,5c13d0ea-f161-42fc-a670-47739523ec42,Calculate optimal dosing regimen Drug,f50253cf-ecc3-4a1c-81ac-b3969c18b28d,Evaluate impact new evidence-based medication,c2ee8efb-1eb5-49c5-9638-cd494b27110f
Deviation Investigator,Identify the root cause of the recent batch deviation reported in our biologics manufacturing proces...,ae8b157d-bf58-4d87-b87a-2f1f5883d08c,Review the GMP compliance standards for our new drug formulation and outline any deviations identifi...,1e153d5c-4c54-4007-8cc5-400cae8bf254,Analyze the recent quality control data for inconsistencies in our drug product output and propose a...,598fe165-887d-41b0-af82-d0b3cddbef18,Summarize the key steps to effectively implement a CAPA system for managing deviations in our clinic...,038ec880-9d8c-4894-9a0b-bf744b9f9aeb
Digital Marketing Strategist,Analyze latest clinical trial data,e8f1da11-313e-4f0f-aa88-2e6281148891,Evaluate potential drug interactions newly,fdfc93d0-34b6-4f15-a12c-6cee980e3369,Develop evidence-based content calendar digital,79300c0f-0774-4b02-ba92-0e37880464a9,Create targeted social media campaign,1bd83655-43bc-4897-a130-1da543370656
Digital Strategy Director,Develop comprehensive omnichannel strategy that,69870151-9495-4c3a-94cd-bc9fa6b616fc,Outline step-by-step plan overseeing digital,fa192201-c4e8-4bc4-978c-bc0a29a9a87e,Create data-driven marketing enablement framework,ededfc05-6087-4cd2-8e8b-06d1d69794e7,Design actionable roadmap implementing omnichannel,af99552d-5c0a-40af-8dd0-47d6159826cc
Digital Therapeutic Specialist,Design clinical protocol digital therapeutic,f375c082-2182-41a9-809b-8fa58bb0f994,Outline comprehensive trial operations management,833d2d9d-7bed-47a3-9cd0-fa7436fa27c1,Develop data quality assurance checklist,fa8b909d-ae00-4e4e-9373-c13e1544842f,Create patient safety maintenance strategy,67c08cca-c3ac-4e5d-9ba5-039879ad2f4c
Dissolution Testing Expert,are best practices developing dissolution,cbf3097b-9765-4710-996b-81ed76cc38e7,provide step-by-step guide conducting IVIVC,ca3b7ae3-397b-4550-be71-70c608090833,Account When Advising A Healthcare,e8827f6e-853b-4d7a-a69f-d0e90dfa5bcd,Ensure Compliance With Fda Guidelines,9423d2e9-b4b1-4b2c-8975-d39525abd53e
Distribution Network Designer,Analyze current distribution network our,5c3adafb-edb3-4951-98d0-bfdb114a754b,Calculate appropriate dosing regimen our,8ec6e625-61f3-49a1-8ba9-9f50b2bbeff1,Assess potential drug interactions our,edd37e1c-86f7-490f-87f2-6c388637ecc0,Develop comprehensive pharmacotherapy decision support,85f4a999-2479-4bc2-be82-7bc6653322ff
Document Control Specialist,Generate comprehensive checklist ensuring GMP,66515f4f-7569-42ef-93b6-48b81543ccc5,Outline steps conduct deviation investigation,68b2e913-28cf-4768-a2bc-0adfcfa90243,Create detailed report template maintaining,fdbd4d3c-a4a1-4f62-8f77-9cc9fe4ec0c7,Develop training program new employees,c6b586bf-29ee-441c-a443-d0ad85dcb130
Document Generator,Generate clinical study report template,f2b282ef-8a36-49c0-87e8-8298f6a4965e,Create regulatory submission document new,bc46055e-b5af-4189-886e-77e89125d9f6,Draft comprehensive investigational new drug,ecd8d782-32c9-4cab-b70b-29648a803e6e,Develop product labeling template accordance,d8c7a93c-3bc1-4546-ae02-ba23e5fc7a21
Dosing Calculator,Calculate optimal dosing regimen patient,00513dbf-6122-4e7b-a791-1c75aa6cfda1,Assess potential drug interactions patient,ca612f45-fe92-42f5-80a3-52aa889b57db,Provide medication guidance clinical trial,187250d5-5ab5-49ea-b627-4230a71eb165,Generate report summarizing pharmacokinetic parameters,892d7cc4-9ac7-43ee-a920-c5d2ab8a733d
Drug Information Specialist,provide evidence-based recommendations adjusting dosage,13286e70-7aae-469d-92fb-84042565a73c,Consider When Prescribing Sertraline To,cd1fa31f-0943-4cba-8de0-177f0a4ec13d,calculate appropriate initial dosing regimen,0b683016-b30a-43cf-b5c6-95828378f8c4,pharmacotherapy options should I consider,c09ce6cf-d587-40a2-8957-c36529c261fe
Drug Interaction Checker,Assess potential drug interactions patient,b26c1c43-4032-4e09-b84d-9619a36bb605,Calculate appropriate dosage Metformin patient,c18013d5-530f-4859-a910-be03cacce935,Provide comprehensive report drug-drug interactions,a3a3e5d1-95f6-4704-99cf-1b02eb6f910d,Evaluate safety profile new oncology,5a505129-0d7f-4957-9129-1a39021958cd
Drug Substance Characterization Specialist,Provide detailed physicochemical characterization report,9adcb4e9-7790-432a-965e-912294ee19e5,Calculate appropriate dosing regimen patient,e2a8338a-3bb8-42f1-824b-441f51019a2e,Evaluate potential drug interactions new,cf0f3051-5b81-4eb4-8bf3-e76164516649,Outline critical quality attributes be,584ae79b-6a0f-4aa8-b827-0632fe3aa97d
ETL Developer,Design ETL process that ingests,46547a5b-af96-4b2c-93d8-8eb6777c4844,Create data pipeline that integrates,a5e8f92f-dc37-41fe-a425-438fb94f96fa,Develop robust ETL framework that,df1719d1-9281-433e-ad6f-99062717121c,Build data pipeline that extracts,81271f26-0999-4e01-acb0-bdb4698e00b6
Endpoint Committee Coordinator,Develop comprehensive clinical protocol design,2c09cf57-5dbd-4939-9ae2-eea2aed52782,Outline key operational steps necessary,4908940c-ab94-4878-9353-a5cb9a6fe410,Create checklist data quality assurance,8c60dfa4-03c3-44a9-8a7d-e753c5198430,Design patient safety maintenance plan,43ddd5d3-069f-4599-a516-0a3bca6913ff
Epidemiologist,Assess current disease burden diabetes,36e81f81-dec4-4712-808d-979d81771c3e,Design research protocol evaluate effectiveness,662b6192-e2db-4909-8b25-fa4031745712,Analyze epidemiological data identify emerging,b7c3d3be-9e0c-46ee-a3b3-3666c25cd7d5,Provide insights long-term health impacts,9eea5b95-c317-4cb1-acbc-9bbbe8133a7a
Epigenetic Therapy Expert,Design a clinical protocol for a trial investigating the effects of epigenetic therapy on breast can...,caa772b2-9e6c-400a-a328-60430c1d6e10,Outline a detailed plan for managing trial operations in a multicenter study focused on epigenetic m...,e4f67ec1-c835-4604-ad46-91f89c994412,Develop a checklist for data quality assurance that incorporates best practices for collecting and a...,535d31fa-6867-4796-a4e1-cc45ae203e0c,"Create a comprehensive patient safety maintenance strategy for an ongoing epigenetic therapy trial, ...",21634af2-ae6a-488d-84d7-21d9196651ec
Equipment Qualification Specialist,Generate detailed equipment qualification plan,a7a8328e-c7f9-4fe9-9ecb-6d9a3cafdc74,Assess potential drug interactions between,e533cad2-0a8d-4cec-883d-d5e7966b179a,Outline key validation protocols required,8d7e5971-dda8-4aba-9965-f92c3af0b094,Provide guidance best practices conducting,f8d49840-8b40-47a7-89ef-74973bca351a
Ethics Committee Liaison,Prepare A Comprehensive Irb Submission,0a673fab-1b72-4214-878d-e1a282c9e349,provide detailed guidance ethical considerations,a2b4e3d4-1a29-4a26-bdfa-d6ae74d6d36b,pharmacotherapy decision support resources are,3ed552c0-ac0f-428d-8c01-35ae32df54e1,should we handle informed consent,61ce2845-2899-4109-b95e-c084d8c94e16
Evidence Generation Planner,Identify five recent clinical trials,8fbace95-64cf-410e-ae44-207e19b56163,Draft engagement strategy key opinion,b8fd6976-b19e-4833-ab52-cdf53fa47903,Outline step-by-step plan generating real-world,2ae92b28-e6dd-462d-8305-94a345e870db,Develop timeline publication our,1bc57464-75f2-434c-842e-595d27598e8e
Evidence Synthesis Lead,Outline key steps conducting systematic,ec9294f8-828f-4b11-94a4-eccb6864ac4b,Develop framework preparing health technology,128f8c38-d0dc-4b85-8b87-618703884392,Identify and evaluate most recent,ecf6b569-9a79-4a4e-be13-70676f0e9a02,Create checklist compiling evidence synthesis,39282f44-b2c9-4097-b42e-c12f5b4236a1
Evidence Synthesis Specialist,Provide detailed analysis latest clinical,943e8f4c-a866-4423-abff-2d00980ade2c,Evaluate potential drug interactions between,a2b6f056-7d53-408f-8426-85734786b001,Conduct systematic review efficacy,041e7caa-a687-4553-bd94-c9fcf6ec437f,Generate comprehensive report best evidence-based,04def0b8-bbf8-47ac-b3ad-2f42c5aea9ef
Excipient Compatibility Expert,Consider For Enhancing The Stability,17620eb0-4a8f-4bab-8463-4be57ca8c993,provide detailed dosing calculation formulation,6de417c3-9c8c-463d-9cee-a2ffba5423e9,Identify potential drug interactions when,5516c7bb-cbc9-42d0-b138-65f304b4bcc2,Optimize The Bioavailability Of A,0ffa3052-3c8e-48c5-b93a-e1983aab080f
Exosome Therapy Specialist,Evaluate the latest advancements in exosome-based drug delivery systems and provide a summary of the...,a91e23b6-daa9-4a34-af7a-8924ec186c57,"Outline a step-by-step protocol for ensuring patient safety during exosome therapy trials, including...",f6d930d5-b469-4b6a-bbd8-afdd9530dee7,Develop a comprehensive checklist for assessing clinical trial data quality related to exosome thera...,d25074b7-5a97-4594-a8a1-4d50bf74f612,"Discuss the implications of GCP compliance in the context of exosome therapy research, and propose s...",30745a36-d078-4c07-9579-cbfd8af80b08
Expedited Program Expert,Consider When Developing A Submission,01b796f7-6f42-461e-9b6d-394aca66804a,provide step-by-step plan ensure compliance,ff44c48d-3a81-40c8-85ba-cbd445c5a807,Optimize Our Preclinical Study Submissions,ee0aaa14-0693-4990-89b2-c75712a0aece,Expedite The Approval Process For,5b059a7a-f63c-45b8-bd38-3e3eaaaf3593
FDA Guidance Interpreter,Explain key differences between 510(k),3a08a234-ba87-4d57-82fb-9be90f837da0,Develop submission strategy combination product,54a70655-0136-4343-8aec-2c6b2c7ec2c6,Identify common pitfalls ensuring regulatory,4f427ed0-f902-42a7-b145-edbdfb490013,Provide strategic guidance how prepare,39772dd2-ca28-4935-8db4-a8c51233f16a
FDA Regulatory Strategist,are key considerations conducting pre-submission,61464ad8-4f91-4e46-aecb-2316e3f38f70,help me interpret latest FDA,f031582f-5e22-4b52-9526-eb4003b47350,review our regulatory submission new,9efad41e-5f73-4628-9f24-a8bdb55241e7,recent changes FDA regulations should,1768f7df-ea22-44cb-ac6a-c6955cb37958
Field Medical Trainer,Design comprehensive onboarding program new,804cf357-1ddc-4392-b791-4b0fd22f04f3,Create competency assessment framework evaluate,41c8f4ff-80ff-49b9-a91f-d98d6036c592,Develop training module that integrates,5be55691-5bb7-4893-a20c-c0a9b4bd6735,Outline step-by-step process conducting needs,b3595074-d6aa-46ae-8664-8589c397b977
Formulary Access Manager,Outline step-by-step process developing formulary,42fff302-6e96-4785-8a13-e5c675d4e6f5,Identify key negotiation tactics securing,97bd7f80-a25b-4dc8-a026-9c489f47cb35,Create checklist managing patient process,88c2722d-1434-4890-8a2e-304f61298b33,Analyze recent trends formulary management,00a7ef2b-2f7e-465c-9bff-24b61c0c4b1e
Formulary Advisor,What are the latest evidence-based guidelines for prescribing [specific medication] in patients with...,074a3615-6462-4f87-a80a-bd494f825c0e,Can you calculate the appropriate pediatric dosing for [specific medication] based on a child weighi...,362f1648-8808-4174-af94-28f43e5c1c12,Please assess potential drug interactions between [medication A] and [medication B] and provide reco...,4cf79bf1-cb63-4322-8224-104d154750ee,What factors should I consider when making pharmacotherapy decisions for a patient with [specific co...,558412f9-1860-44df-9c7b-95f4d3705170
Formulary Strategy Specialist,Analyze latest clinical trial data,b2c0bc6d-483f-4c90-a632-8f13ad68eba4,Calculate optimal dosing regimen Drug,4c89b483-a6f6-400d-8ba5-57c0dd222315,Evaluate potential drug interactions patient,5790841d-1b68-4c8f-901a-9629a582aaa5,Develop strategic plan positioning Drug,f90c5639-ed1a-4e35-8305-26bcaf57f08b
Fragment-Based Drug Design Specialist,Design a clinical protocol for a Phase I trial using fragment-based drug design to target a specific...,df715d07-861c-4e24-9305-69e18efcb14f,Outline a trial operations management plan that incorporates real-time data analysis for optimizing ...,83629a4e-59ea-4dc2-ac33-a536d91cbb05,Propose a data quality assurance strategy that ensures the integrity of experimental data during the...,1f267f90-2b94-40dd-ba74-a33da6b7dcc8,Develop a patient safety maintenance framework that includes monitoring protocols and adverse event ...,abe14274-87c0-45eb-be83-620000ecef3f
GMP Compliance Advisor,Conduct A Thorough Deviation Investigation,1296dd69-f860-41fb-963d-21fa586227b7,outline detailed plan implementing CAPA,fae87367-40b7-4042-9e56-5a9f806a73bd,specific training modules should be,75f573de-a1aa-4557-81f1-0e7a72548c00,can I effectively assess and,d17e0ac3-c675-4047-8564-4fb994b2c8aa
Gene Therapy Clinical Expert,Design clinical protocol gene therapy,52d4ab31-177c-4e5a-8a4e-b18afa78690b,Outline key steps involved managing,975a812d-a4b4-47bc-984e-99dbd3a8cbe8,Develop comprehensive data quality assurance,168adee2-fc8d-45bc-9eca-901ec5121004,Propose patient safety maintenance strategy,e0a578ad-7250-48d1-b9e6-1319199c070f
Gene Therapy Expert,Design clinical trial protocol new,6f7875ce-c9fd-4819-b2c4-52be9e5cccc3,Outline comprehensive plan managing trial,c81d8f58-ac27-4fe1-9aa6-4f0e09d56049,Develop framework conducting data quality,3498f9bd-c8df-4015-8b8d-9e8f9cb04e1e,Create patient safety maintenance strategy,9ef9510d-bdb9-4f1b-b9fc-1493e9f7f013
Genotoxicity Specialist,Provide detailed assessment genotoxicity risks,65f4da72-b72c-4f1f-bb09-db096b033b2d,Calculate optimal dosing regimen new,015a44b3-12d4-4c0d-a997-ef1e5252d310,Evaluate results genetic toxicology battery,9a80cbc0-7504-43da-b84c-82b2d4027af1,Increased Genotoxicity In Patients Taking,92b0c25b-dd58-47c1-b519-47823a93aab5
Geriatric Clinical Specialist,Design a geriatric clinical trial protocol that addresses the unique needs of elderly patients with ...,5076b1e9-a536-414a-acc0-98b893362c2c,Outline the steps necessary to obtain protocol approval for a clinical trial focused on testing a ne...,0fb8c3e8-8ebb-44c1-a637-47e4b19b2656,Develop a patient enrollment strategy for a digital health intervention aimed at improving medicatio...,abb859f4-3fc7-4b63-bf7e-1c6cddbb34cb,"Create a data quality maintenance plan for a multi-center geriatric clinical trial, detailing the pr...",739dc8df-c2a9-4d50-bd5f-1fc987775235
Geriatric Medication Specialist,Evaluate current medication regimen 78-year-old,d5c4e0e7-716a-4660-a85f-178fd1bcbf48,Develop step-by-step deprescribing plan elderly,91fec8e4-acfa-4d17-a37d-c3c2935d9b33,Analyze clinical trial dataset involving,fe94760c-af58-4603-803c-ee9b211842c8,Create educational materials healthcare providers,3df9794c-9ef3-436a-a988-d2a615fe44e2
Global Medical Advisor,Outline global medical strategy launching,b990dba2-3bbb-4642-95c9-62a09531246e,Develop plan aligning regional medical,e8657f5d-244c-43f9-a3fd-0ffecf214345,Create strategy engaging with key,46cd1f4a-a4bf-4402-94d4-6fd8986491f9,Draft communication framework integrating digital,8f779f6c-8b89-4fbe-a70a-fca9bcd57af7
Global Pricing Lead,Analyze impact reference pricing models,dcad1ec7-842c-46a8-81d1-018dd641858d,Identify access implications proposed policy,5b369618-86b0-4c5d-9eec-5e71c7bce88d,Evaluate competitive pricing landscape our,e53b6df5-0afa-49ea-9714-cdfc111e9aeb,Develop a comprehensive pricing...,0b70d885-421f-406a-8b90-fdbda6f34a95
Global Regulatory Strategist,Analyze recent changes FDA regulations,56aa5e80-c5f5-40a6-905e-41110ebb8db3,Develop comprehensive submission strategy our,a4c62c07-dd8e-4282-ad84-46569431b004,Interpret latest guidance documents European,f4682b6a-b856-4470-b547-f5f3f6fd9d7d,Create checklist assess our current,7005f261-157c-43a0-b2b9-a21592111475
Global Trade Compliance Specialist,Provide a detailed analysis of the latest international trade regulations affecting the import of ac...,e085d4cf-b5da-4562-96a3-9f0a5417c532,Outline the key considerations for ensuring compliance with FDA regulations when launching a new dig...,a37adefe-1540-4e27-aaf6-6ca3dcbff7ba,"Calculate the appropriate dosing regimen for a new medication based on patient age, weight, and rena...",3344c57f-dd54-45e6-948a-f2bee9fd1681,Assess potential drug interactions for a patient prescribed a new medication alongside existing ther...,e0026eea-d4b2-4176-a5f5-6e809b53ffaa
Government Affairs Manager,Identify and outline three key,581e9e80-f847-4c7d-ba26-1aec10bcad6d,Develop step-by-step plan building relationships,403903eb-b2dd-4f6d-ae0c-022589b5d8ac,Analyze recent government policy changes,e74583af-1969-426c-bc94-0ab61bfedcd6,Create framework quarterly report that,52321332-2e90-434d-bf4a-f8cea8987152
Gross-to-Net Analyst,Analyze current discount trends our,e2032f38-963d-4d7d-b757-0b2ef041b7d2,Identify any discrepancies between forecasted,4737ecd9-c419-402c-ae63-9521e707d610,Evaluate effectiveness our current revenue,5c4484e1-bac4-4771-a29d-8ae6a5274aea,Conduct detailed analysis net revenue,94abf220-dbbb-4705-b45c-73b9b83b3911
HEOR Analyst,Conduct a cost-effectiveness analysis...,57a0aabd-817a-4d1f-a893-f1e0c7e3e862,Develop value dossier outlining economic,249cae5f-d52c-4379-8711-59d57e0e6aa1,Analyze payer landscape and identify,ed3ca9e1-5404-43bc-94b6-bc344d157b77,Generate comprehensive report long-term budget,4dd5a1cf-0adb-42cc-845b-27c939630dc2
HEOR Director,Develop a comprehensive economic...,0e3c6599-aafe-40e9-8d5f-ce49290915d0,Provide guidance designing real-world evidence,52bac72f-772d-4b6e-bd6f-2e18b3ed76ef,Create value narrative that articulates,a155c862-80df-464d-8040-ac1e9158c6e9,Analyze latest health economics literature,c65da05c-8f0e-4925-a57d-e376ad3573e0
HIPAA Compliance Officer,Evaluate our current business associate,221438f3-2daa-4700-832d-5100f71aded5,Draft comprehensive breach notification plan,0dffc28b-f840-4fd7-a66d-c4f9b86f2731,Assess our digital health platform's,bdf16ed3-e3eb-41c6-b33c-0e9b6a8930a5,Conduct mock compliance audit our,befe1fa5-471c-403f-a582-822eece0a2f6
HTA Submission Specialist,Outline key components required successful,b13e094c-f2d2-4876-a655-39d2c70243f5,Create checklist managing reimbursement submissions,ce5f6af9-c57e-4af6-b472-52da759c7fa4,Develop a value dossier...,de11cbd8-e18e-4d12-97fa-54337c606c4b,Gather Real,7390b706-a547-4312-8150-59bcb7237ee1
Health Economics Manager,Analyze cost-effectiveness our new oncology,495b2e1b-597d-415d-9e42-3fd032f4ce79,Develop budget impact analysis our,03035aee-0589-406d-bac7-03f804123f33,Create a comprehensive economic...,d96b3291-60f8-49aa-8fef-95afedf964e0,Evaluate sensitivity our health economic,89f7c847-bec4-4e02-bb58-0eff1bfdafa6
Health Economics Modeler,"Analyze the cost-effectiveness of a new oncology drug compared to existing treatments, incorporating...",fb6c6de4-718b-4d50-b7a1-8d80dfcac27f,"Provide a detailed dosing calculation for pediatric patients using a new antibiotic, considering pat...",995be595-f0b3-4f2c-94cd-ccb9d82fe80c,"Assess the pharmacotherapy decision support for a patient with multiple chronic conditions, focusing...",811aaacb-df95-4cab-952b-b3a6baa26beb,Evaluate the evidence-based medication guidance for a new diabetes treatment in the context of healt...,9ba08d46-f151-40dc-99f7-e2db8df9714a
Health Economics Specialist,Develop comprehensive cost-effectiveness analysis our,77280144-e10b-4b33-a7cb-b76d5f755fe7,Create value proposition document our,6b659475-1552-41c9-ae85-ad26346fb62d,Outline key components required successful,7081b7a9-e275-4961-9ad8-a955e2fec917,Design economic model evaluate long-term,1be7e805-a75c-453c-a3c3-1ec33ce12e9b
Healthcare Policy Analyst,Analyze the impact of...,9795b2e6-3288-428a-9353-742e63c5fce5,Develop policy brief that outlines,eab445de-571f-4f63-a659-6f51d0c78735,Create presentation pharmaceutical stakeholders that,3822293b-4ad2-4dac-9760-c8da87bbc122,Evaluate potential implications proposed healthcare,45b3436c-455f-49a5-ae91-fc175178a270
Hub Services Manager,Analyze the current vendor...,9060c127-10e8-48a2-801b-adecaadc55f9,Identify and prioritize top five,1779103d-1761-4e9d-b99f-ec5b8ed0821b,Evaluate our existing hub vendor,500c19ed-7fbf-4757-a04a-0573c94102fa,Develop comprehensive plan streamline our,c320d7da-a27a-4361-9dcd-ec3a23c43c7d
IND Application Specialist,What are the key considerations for developing a submission strategy for a new IND application in th...,a77ef2bc-5470-4840-98ca-4c1c83e99248,Can you interpret the latest FDA regulations on clinical trial design and provide a detailed checkli...,5e4edb95-4e64-4cb2-a2af-1b65b257e479,How can I ensure regulatory compliance when planning a digital health solution that will be submitte...,9caae566-816f-4976-87e0-946678db322d,What strategic regulatory guidance would you recommend for navigating the FDA's fast track designati...,c244fbe6-d6f0-41c3-98e8-4a624e6bd908
IND-Enabling Study Coordinator,Provide evidence-based medication guidance treating,49b8b7d2-8ad0-4200-a2ab-78e0db2cbe25,Calculate appropriate dosing regimen 70,f86218c3-87d5-48e5-91c9-7d2dd39cc1da,Assess potential drug interactions patient,13692df7-5ba0-4a29-a285-66b3a933645b,Develop safe pharmacotherapy decision support,0934dc24-48b6-4cb8-8aa5-03ea3305c94e
Immune Checkpoint Inhibitor Specialist,Design a clinical protocol for a Phase III trial evaluating the efficacy of a new immune checkpoint ...,7b1de760-158f-4afc-a571-2e59923b72ba,Outline a detailed operational plan for managing trial logistics and patient recruitment for an ongo...,1fd7aae9-6e7d-42bb-a4dc-d9f739e02464,Develop a data quality assurance checklist specific to the collection of adverse event data in clini...,45f7b0ac-7064-4432-976a-c3bc5b2283a2,Create a patient safety monitoring plan that includes criteria for dose adjustments and reporting se...,59c5f23f-aace-4b1e-b598-4e7c76a45050
Immunometabolism Expert,Design a clinical protocol for a Phase II trial investigating the effects of immunometabolic interve...,bec3b2ca-c549-4ce5-aecb-3fae738fcfe8,Outline a comprehensive plan for managing trial operations in a multicenter study focused on immunom...,3e7bcf48-02c8-45fb-aa16-b55fb4912890,"Develop a checklist for data quality assurance specific to immunometabolism studies, highlighting ke...",e633ee65-757a-499f-8c74-b251e2a42db3,Create a risk assessment framework to evaluate potential patient safety issues associated with novel...,5b766bdf-35b8-4482-98d4-f07b6af30b5b
Immunosuppression Specialist,Provide evidence-based medication guidance choosing,7e853677-f7f8-40ee-8607-c0633c91bd16,Account Their Weight,3dee6f83-06ba-4223-a30b-72e61eee1475,Assess potential drug interactions patient,25b5aa35-d22a-47e3-8a3b-a9eafba023be,Develop pharmacotherapy decision support plan,8d0d61e7-f164-48f7-aa08-6344b4eb1485
Immunotoxicology Expert,are recommended dosing adjustments immunosuppressive,e713f5b3-d06e-4d5b-8695-02e61d20aeef,evaluate potential drug interactions between,d6a8a54b-c86f-4e89-965e-aa5340dd2fb8,specific immune safety assessments should,c8884ae6-fb62-4dd5-b6af-99d78c8b762b,Based latest evidence,4a1cf5c3-cfd1-43d6-ad67-e5ae3ba8ebe9
Import/Export Compliance Specialist,Provide detailed compliance checklist exporting,b6c1f16a-4ea4-42e2-b2df-e2ebe65eaffe,Calculate appropriate dosing patient based,a6761ee7-d5ca-4b55-afb4-823d99d27b65,Outline key regulatory differences between,4b6c800d-119b-4033-8fc4-dd62de02d546,Evaluate proposed drug formulation its,09e11318-e1e4-4c95-93d4-85ad2816df87
Impurity Assessment Expert,Evaluate safety profile new impurity,12934ebf-5a0c-4537-88fc-a308b32dddda,Provide detailed analysis recent FDA,74469035-9e35-4c99-9290-ac0beb806ff0,Develop risk assessment strategy managing,501fc471-27c8-421f-8c0e-a10668a7d099,Outline necessary documentation and evidence,ef5e6c69-43a9-4b23-b3d8-320bd3978237
In Silico Clinical Trial Expert,Design virtual clinical trial protocol,927f5acd-cb0f-4ea9-9461-8c5f819d9aa4,Outline detailed operational plan managing,98b4c51e-5f83-4c81-a3bd-4ad5ef7f8c5f,Evaluate data quality assurance measures,3c36ad96-3c97-43e9-8188-15ad85f63175,An Existing Clinical Trial Model,c607c81b-10a2-435e-983a-ef9d377d03b3
In Vitro Model Specialist,Evaluate efficacy new drug candidate,f937cf6b-53fe-4441-a280-b289e6a6dbc9,Calculate appropriate dosing regimen patient,fbe54413-517d-45c3-81f4-635f12488e03,Assess interactions between new investigational,f107c916-b23b-42a9-809b-59cb96bd4367,Determine The Cytotoxicity Of A,060c68ab-5332-40ae-b79c-94066cad183d
In Vivo Model Specialist,"Based on the target disease and therapeutic area, can you recommend the most suitable animal model f...",f14031a7-cca9-4841-a125-ea63d4f6f607,"Can you provide a detailed dosing calculation for our preclinical study, taking into account the pha...",0546cc17-f890-433e-bee5-c3bf64d342c1,What safety protocols should we implement when using the selected in vivo model for our toxicity stu...,fbfeb2eb-263e-4494-a4c4-11cc2b416757,Can you analyze the pharmacotherapy decision support data and suggest adjustments to our treatment r...,cb0cc53c-d9e6-4a83-800a-231ecd3b9130
Infectious Disease Pharmacist,are evidence-based guidelines optimizing dosing,6d533a24-e67c-4ada-9d40-900940466445,Evaluate potential drug interactions patient,6e3c388d-ebd4-4832-9019-213fc4713b9f,Provide detailed analysis latest research,94f601a0-55b7-411b-8fe9-7755e1d6f09a,recommendations can you offer initiating,2d4a664c-3f04-4fe6-ba28-cbd27de74576
Informed Consent Developer,Can you design a clinical protocol that outlines the informed consent process for a Phase II oncolog...,7ea8c9f9-1dcd-4f98-a01a-9cbe0fd63a7a,Please create a detailed informed consent form for a digital health study assessing the efficacy of ...,388d9608-79b5-4a1c-9c74-d32c02691eee,What steps should I take to implement a data quality assurance plan specifically for tracking inform...,377e09b6-2699-4199-b508-9b59f30efd8e,Can you provide a checklist for trial operations management that includes key considerations for mai...,20f487b5-0d6a-455d-ac95-0e77928e1449
International Regulatory Harmonization Expert,Provide a detailed analysis of the recent changes in FDA regulations regarding digital health device...,e9f1d0b5-1b01-4249-bed9-d016e5a802b6,"Develop a comprehensive timeline for obtaining regulatory approval for a new biologic, including key...",8239a94b-716a-4687-a0e3-36c190a235de,Explain the implications of the International Council for Harmonisation (ICH) guidelines on our curr...,3fe24072-676a-43e1-8bd3-87422d14a3b8,Identify potential regulatory challenges for launching a new pharmaceutical product in multiple inte...,cbc42b65-d10f-481e-b274-dcc192b3dd75
Intranasal Delivery Expert,Develop clinical protocol phase II,3b4b1db4-6ff9-4d5d-b349-12c79a396f9c,Outline comprehensive trial operations management,146d3c98-74ad-4042-be80-e5601228e581,Create checklist data quality assurance,c7da591f-4e1c-4fae-a2fd-752a7d56c841,Propose patient safety maintenance strategy,69c1b709-dcab-46f8-8a8c-10010dfaa0b5
Inventory Optimization Specialist,Analyze current inventory levels high-demand,6446f6a2-0370-4b77-a649-be444fabb5c0,Create dosing guideline document top,4be19583-3436-4613-99ee-f84c7c84a6ac,Evaluate drug interaction profiles our,1b8f530c-c419-4a9a-baa3-1e0c8ef35048,Develop report that outlines cost-effectiveness,5645e135-c6c2-484a-b837-7384bcd4cd2c
Investigator-Initiated Study Reviewer,Evaluate protocol new Phase II,90fed2d6-5447-4bab-8e40-1aef94fac395,Prepare comprehensive review recent medical,bf1d098e-2b16-4309-a869-196d2202dc8a,Assess investigator-initiated study proposal ensure,e53e5c05-a094-486c-b791-02f032f9e2b5,Develop strategy engage key opinion,3ac50280-f232-4a5d-a6aa-f52f31aefcde
KOL Engagement Coordinator,Identify and evaluate potential key,a6790e13-c44e-4bc5-803c-b3629478e04b,Draft comprehensive outline medical publication,072c679d-54b8-41c6-a287-1d3dd233032f,Develop strategic engagement plan nurturing,7dca8362-017b-4b88-a970-b136696154dd,Create compliance checklist collaborating with,f1b58086-5614-4afb-b419-f87a48d9beca
Key Account Manager Support,Provide evidence-based medication guidance patient,332d81e7-8de4-4e8e-b7c8-6c0b09480cfd,Current Clinical Guidelines,e214d312-3e9c-48cd-a2b3-1cf947082a09,Assess potential drug interactions patient,b16c436e-6ee9-44f2-952c-66350e33f41a,Recommend comprehensive pharmacotherapy plan patient,8a984d0d-53c5-4e7c-8818-91bb0b9b27c2
Liquid Biopsy Specialist,Design a clinical protocol for a liquid biopsy trial aimed at detecting early-stage cancer biomarker...,5f278710-a0f2-4268-acb1-ffaeec517458,"Outline a project plan for managing a multicenter trial on liquid biopsy efficacy, detailing roles, ...",59557e71-1575-4fcc-be14-3a371591cbee,"Develop a checklist for ensuring data quality in liquid biopsy studies, including parameters for sam...",6357c04c-61d7-4191-9d1c-739ca21f1c10,"Create a patient safety monitoring plan for a liquid biopsy clinical trial, specifying procedures fo...",4c87aa94-5ef3-49f0-957f-a284a4c9bb33
Lyophilization Specialist,Can you outline the optimal freeze-drying cycle parameters for a high-protein injectable drug intend...,160fb0a8-dfb2-43e4-903f-978cf6fe61d0,What safety protocols should be implemented during the lyophilization process of a new monoclonal an...,ea870f0c-772f-402f-8f37-233722db6601,How can I assess potential drug interactions for a freeze-dried formulation that combines multiple a...,853fe0ef-32db-48d1-ac31-a3769830d814,What guidelines should be followed to ensure regulatory compliance when developing a lyophilization ...,78e7d44b-adb6-4301-83b4-2dedcdc8fd37
Machine Learning Engineer,Analyze latest clinical trial data,46cd490a-d39c-4ef0-8b6c-a4db2ed03002,Develop machine learning model that,c5e7d932-9caf-4bf2-ac93-46b85d6777db,Assess potential drug interactions patient,e48ce72f-4b8b-40f0-9270-ba749443f0da,Create user-friendly tool that allows,82e305b1-8710-475e-bfc3-4d864709472e
Macrocycle Therapeutics Specialist,Draft a comprehensive clinical trial protocol for a Phase II study focusing on the efficacy of a new...,3efa9677-b532-4d3a-a92d-ef89ab10cb6a,"Design a detailed operational plan for managing trial logistics, including patient recruitment strat...",7c40119d-5b48-4e9c-b6b6-dcd6a38a2700,Implement a data quality assurance framework that includes regular audits and real-time monitoring o...,3b68d35c-31ab-4f2c-99c2-b3ab6241171b,"Outline a patient safety maintenance strategy that includes creating risk mitigation plans, adverse ...",5967a651-84ac-408c-8052-ec4f4c8159b1
Managed Care Contracting Specialist,Analyze our current managed care,52ed617a-d5b9-4a93-81c7-c9dd440a334e,Provide evidence-based medication guidance our,13c9729e-555b-49dc-b09f-e5da9123d742,Develop comprehensive report impact,2e67a272-6b49-4073-bd28-4ac626cda265,Create checklist assessing drug interaction,70130177-4a6f-4171-a15e-1bd02bf8cd4a
Manufacturing Capacity Planner,Analyze our current production capacity,3adc3a61-29e5-4742-b911-4eafaeab0bcc,Provide detailed dosing calculation our,216de0b8-bca6-4dc0-874a-9fa7a3ce0c7f,Assess potential drug interactions our,c54ee139-c7ee-4844-bb2e-3f20357644b5,Evaluate our existing manufacturing processes,88acb931-7335-4da8-8705-30cdea5a8abe
Manufacturing Deviation Handler,Ensure Compliance With Regulatory Standards,1d3db4c9-4373-41d0-aa48-c0cbbd837dbd,A Manufacturing Deviation In Their,6824a42a-f9c8-43f7-861f-cf36c39a27af,Evaluate safety proposed pharmacotherapy regimen,86738515-0666-4b3b-90f3-c51a5426a50e,Identify potential risks associated with,90e2ceca-ce63-47c2-862d-2bd4222aad52
Market Access Communications Lead,Develop comprehensive value narrative that,67e32761-238a-4eec-864d-ce41ef0f6ec9,Create payer communication toolkit that,e9e3fa7c-b5d4-4277-b802-e24ad56dcbe4,Outline market access strategy launching,053f91db-20a8-4e4e-a66c-3ae620f199df,Draft series targeted messages our,759d64c3-23f8-4056-af99-07b299366125
Market Access Data Analyst,Analyze latest market access trends,e279223d-e812-4baf-8939-4474f8a429e5,Evaluate quality recent market access,49931356-5ec4-4760-95ef-dbd89b726ba2,Create a comprehensive dashboard...,cd2e2517-795f-4bb8-8581-22ea43068489,Inform Pricing Strategies,7a32ee85-8c1d-4141-acb6-c28bd9a9076c
Market Access Operations Director,Analyze current market access processes,5c8aa5be-ca92-448f-8181-11005ae9e638,Develop comprehensive system management plan,75d9c243-eb75-4123-b51e-328f153d3b6c,Streamline The Submission Process For,41a4a369-ff6e-4e19-b602-18565722f25f,Create a cross-functional workshop...,3e2149f5-add4-4950-a699-7b97a7aac102
Market Research Analyst,Analyze current market trends oncology,35d24aab-afcb-434c-9f8f-afff78e4e9cc,Conduct comprehensive market sizing digital,c210004d-898d-4c14-a362-833ad2d16791,Evaluate recent medication safety reports,bda2f66c-3a31-43dc-992d-5b86d6cd8537,Identify and profile leading competitors,0b7a7c1d-6feb-4526-b883-c7858fe904cc
Marketing Analytics Director,Analyze our current marketing campaign's,ab3e687e-3063-4f0f-b5b3-2478692b2b44,Identify Potential High,2d53fe96-7ee7-45d9-b46b-92403bb4e096,Evaluate effectiveness our recent digital,def30d9c-ca31-4a87-ad12-9b6eef5f0592,Conduct comprehensive analysis competitor marketing,4e7e8d27-e124-4f18-a43b-cf63306fe39f
Mass Spectrometry Imaging Expert,Identify Potential Drug Metabolites And,9078527a-9390-4355-8fe6-03b589313c6b,Calculate optimal dosing regimen new,545e31bd-4350-4020-aff7-7919834c63f4,Assess potential drug interactions patient,ecd0a129-6d27-42c5-9232-84b06223f0d9,Generate report detailing mass spectrometry,b055fd63-7d14-4ce5-a3fb-ce18e3d6d0cb
Materials Management Coordinator,Generate detailed raw material planning,e3336832-3067-4155-aa04-a9fc3c99e091,Assess potential drug interactions new,4eb60ecd-12af-4c8f-9db6-72b60d00dce4,Calculate precise dosing regimen new,3f71da98-8fa3-4678-a8c5-6f24f2a7af97,Provide medication guidance healthcare providers,682e83b4-07d7-4449-a570-3fbfcca734f1
Medical Affairs Commercial Liaison,Provide evidence-based medication guidance latest,7cf4fbec-f3c6-461e-a772-18ea52cc5628,Account Their Current Creatinine Clearance,8d0d5749-61b4-4e20-b312-630a8c140a40,Assess potential drug-drug interactions patient,23613797-0443-4164-9453-866c64bee703,Support pharmacotherapy decision by evaluating,6c131771-c1af-41d9-8211-d296026c38ba
Medical Affairs Metrics Analyst,Analyze latest trends key opinion,8cb1f739-69ee-4683-8284-1139117a09cd,Develop comprehensive dashboard track performance,7e1c9432-80ab-47aa-8ce7-68fbad15a042,Improve Our Assessment Of Scientific,a449c371-73c6-44cf-bc14-1a73090de38b,Create targeted action plan increase,76800213-c460-41da-9d36-637c63dd9422
Medical Affairs Operations Manager,Analyze current budget allocation clinical,ce04934a-c5ce-4c3b-99db-67ecda714a00,Develop detailed process map resource,96ca734e-0ee9-4d35-9f9f-f11f86d826a3,Create checklist best practices coordinating,5bd2bf5d-d277-4d6c-b3d0-57270748fac9,Identify key performance indicators (KPIs),56ae9170-f9a8-4f48-b30a-490579c5a1e8
Medical Affairs Strategist,Develop comprehensive strategic medical plan,0748ba77-fc38-4a3f-aa5b-1f354ea80de5,Outline cross-functional collaboration framework ensure,67a72dcc-8176-414a-a4bb-2e9b4fd69edf,Create detailed project proposal leading,1293f5ef-d7b8-4b74-bc03-627db31169ac,Design roadmap integrating digital health,15956de8-f822-43d9-88ae-f08b3c3f93d5
Medical Communications Manager,Develop comprehensive medical communication strategy,ebfb5913-0463-4beb-ac38-7963136afef4,Create engaging and informative slide,9382fcbe-ae5d-4bb3-b3eb-a0f3fe170fdc,Draft detailed communication plan that,c04ccd31-2aa2-4d3d-b8a5-9fc7382799eb,Outline steps managing our participation,379ada68-c29a-4942-b170-793dff0c4778
Medical Content Manager,Create comprehensive content governance framework,6d3a4f05-594b-4760-8e67-d77c0d73e812,Develop training program our medical,34544a7e-38bb-4bbc-aa93-ebffc8570a25,Outline step-by-step process auditing existing,7239ad42-2972-4bc2-8e77-c92cfd7eea0b,Design template rapid creation,64637c36-65a2-42c6-b341-8d2712947262
Medical Editor,Review clinical trial summary new,1cd3ee1b-31fe-4a3a-b30c-9781caa1320a,A Lay Audience,9d082d5c-9589-4718-9b83-f4850741d690,Assess manuscript upcoming publication,dd045e18-fbeb-4575-aa35-3fbfad32b0e6,Provide feedback digital health app's,2ebc5be9-4d9a-462b-af51-2fd65e614afe
Medical Education Director,Design comprehensive CME program that,ba113f17-1a96-45ed-b66c-0c91d13f1db0,Develop curriculum outline digital health,b266b4de-1b2c-419b-8668-dad6fd1047d9,Create strategy managing relationships with,ceb78e1a-4998-49e5-86ae-b617e1304e29,Outline step-by-step plan evaluate effectiveness,f180d8a1-cea7-4457-9536-e8c9999272bb
Medical Excellence Director,Develop comprehensive quality framework implementation,577331f6-a89c-49cb-beb1-cd1f082be47d,Identify three continuous improvement initiatives,22a8a564-812a-4de7-a197-cc3d00f031df,Create strategy optimizing our medical,13838e97-5902-4644-92d0-20209960d8b9,Draft set best practices conducting,9977d802-7cb2-4faf-b3e0-4a470e32af31
Medical Information Specialist,provide detailed analysis FDA regulations,264cd9eb-41c8-48fd-9db9-86499d240556,The Latest Fda Guidelines,f752e8d7-a131-4ace-ada4-d9fb76274245,interpret latest clinical trial data,9f01fc76-ec3d-4ea0-9ed4-a317ccc05fac,can we ensure compliance FDA's,47b58210-0a9c-4803-a6e5-46509aedb627
Medical Librarian,provide literature review summarizing latest,d9241dd1-7c67-4760-8908-34988d819cbf,Gene Therapy Currently Registered In,ea976395-a5e5-4b86-828a-f9db2bae3da2,are key differences efficacy and,965befcf-f8c0-42cc-91a2-d6d6de9994c7,assist me managing and organizing,a12ec186-c908-4c4d-ac18-583bb6ec3b0e
Medical Literature Researcher,Conduct comprehensive literature search efficacy,781e8f89-4b01-4b03-bfc8-02e19bc6e8d5,Retrieve and synthesize recent studies,d6afe431-66af-4443-aefb-61e8e10501b3,Identify and analyze clinical trials,af08b823-b4aa-4bf5-97ff-061d97577059,Explore current landscape gene therapy,dae4ed2e-d63e-4dd0-9e3a-be6e14a0b0ce
Medical Monitor,Review latest clinical trial data,5a16f896-2b3e-4db3-a371-39779983f6c7,Outline key elements that should,93928f1a-bf0a-4ecb-8068-591607bf296a,Assess current patient monitoring strategies,4b825fd0-8e5d-42b4-9c38-87b234d16b86,Evaluate recent changes patient eligibility,e852f1b7-eb74-45eb-af32-8a74ba992b4d
Medical Quality Assurance Manager,Create detailed plan developing comprehensive,8fee7359-9dfd-45d7-9e7a-fae84b3945b7,Outline steps conduct internal medical,72146e6b-b015-4c40-9a54-85f88fc97832,Develop checklist maintaining compliance with,22dcd560-aea4-4397-9388-393bd55c89a5,Design training module staff best,ccf461cd-d459-4faf-8ef7-fc06b110c554
Medical Review Committee Coordinator,Outline step-by-step process initiating medical,bd34bf95-b27a-444d-a743-f4a42d192f25,Develop checklist tracking approval workflow,f5e003df-a229-4c0c-b63b-4c49eba51662,Create template scheduling and coordinating,6838002a-85e6-403a-aab2-458e0cf50f31,Draft guideline implementing digital health,292aa74b-a13d-48bf-9be1-0aa6f9605dd0
Medical Science Liaison Advisor,Outline strategic plan engaging key,4a5d9b2b-8143-42ab-a1ea-07e25055c1e0,Develop comprehensive educational presentation healthcare,bf649490-ad82-46d5-ad06-7048f9797d5c,Create survey tool collect clinical,479908ca-a440-411f-b6ff-018989210fa3,Draft proposal scientific exchange forum,810cde8f-88bd-428a-9d19-88742f06c45a
Medical Science Liaison Coordinator,Develop comprehensive strategy engaging key,1e312522-916d-4f9c-be88-572ef687ce1b,Create detailed outline publication that,383c6a97-5eaa-4e86-ba91-563ef50e6e30,Draft plan generating medical evidence,57d99865-94dc-49c3-9e41-26b64b79ceab,Design training program sales team,8f3432b2-e0e7-40a1-a90c-9341e5e92e7b
Medical Writer,Draft clinical study report Phase,c297283d-16d5-4b52-afda-24f88434bf7d,Create comprehensive regulatory document submission,c8a1e793-ac7e-4d7f-b0e0-a7043d05febf,Prepare scientific manuscript publication,bf23f89a-db22-481c-8022-ce89dec746c3,Develop patient educational materials that,ec9dfc80-4700-46a6-9e33-1ce81f680638
Medical Writer - Regulatory,Draft comprehensive Clinical Study Report,e8c2d4e4-a020-422c-b2c1-963ee6f7b4ab,Create detailed regulatory submission timeline,975c367a-0842-49f1-9783-2f8d947392ef,Develop Standard Operating Procedure (SOP),04a1965b-bcb0-43ff-9ffe-76837501081b,Compile summary latest changes global,a3c8d606-4d99-4d96-b236-4d3f88182e73
Medical Writer - Scientific,Draft comprehensive scientific manuscript recent,9e5f3eee-2487-489b-b86f-fb2c1744d795,Create engaging and visually appealing,e7aa8dc8-8c07-4f53-831f-9cb565294e01,Write structured abstract peer-reviewed publication,bece5a5f-c32b-49d5-a696-c235b830bd3e,Develop review article that synthesizes,b5146efe-1672-4eea-98f1-02020626b183
Medication Reconciliation Assistant,Review patient's current medication list,622f75de-8041-498f-a81c-6473c2101b44,Calculate appropriate dosing regimen patient,1a38c392-2c3c-4a4c-a483-6de7031d1656,Assess pharmacotherapy plan new clinical,6ec9158e-f8bf-4733-bfe3-83aab834b061,Provide summary latest clinical evidence,18e8029a-b15f-4023-8c64-092169410c4d
Medication Therapy Advisor,Provide evidence-based recommendations optimal treatment,c2f9fb83-a8b0-4e64-a8d1-e8feceea72b2,Assess potential drug interactions patient,26b1a3e0-83df-4812-9f13-5b7e02c88608,Calculate appropriate dosing regimen 70,1f961d04-6243-4118-b307-87da94a864eb,Evaluate safety profile new biologic,ad37364a-4888-4eed-9c7f-ba145d96a2c3
Metabolic Reprogramming Specialist,Design a clinical protocol for a trial investigating the effects of a new metabolic reprogramming dr...,52f12786-57a9-45e7-9c86-3850caf099fe,"Outline a management plan for trial operations of a metabolic reprogramming study, including recruit...",a3b2b5be-0db5-485b-8cdf-098bd9fe7bef,Develop a comprehensive data quality assurance checklist for monitoring metabolic biomarkers in a cl...,af95cb0f-23d1-41b5-8861-665f7448e875,"Create a patient safety maintenance strategy for a metabolic reprogramming intervention, detailing r...",b7fc5c7f-4476-49dc-b079-8a475ad12166
Microbiome Therapeutics Expert,Develop a clinical protocol for a Phase II trial investigating the effects of a novel microbiome the...,c1552678-33cc-4667-b2da-c61e8a44e697,Outline a step-by-step plan for managing trial operations for a multicenter study on microbiome inte...,aa6b4682-9334-4f51-86a4-7b47219dd3d8,"Design a data quality assurance framework for a clinical trial assessing microbiome therapeutics, de...",b15a9840-92bb-4211-a8f9-5219ffcb06e8,Create a comprehensive patient safety maintenance checklist for a clinical trial involving microbiom...,69a4d80e-d4e9-4fcf-abf3-bdac74a24b66
Mitochondrial Medicine Expert,Design a clinical protocol for a Phase II trial evaluating a novel mitochondrial-targeted therapy in...,e356c919-abdd-49f6-8d32-0c07f42b24fb,Outline a comprehensive patient safety monitoring plan for an ongoing clinical trial of a mitochondr...,524cfcb3-b158-4192-9e7c-11412a7b30c8,Create a checklist for data quality assurance in a clinical trial focused on mitochondrial disorders...,8105a39f-97e2-48d4-abcc-b5c7d03ca80d,Develop a strategy for optimizing trial operations management in a multi-center study on mitochondri...,f111e9cf-2aed-494b-9323-7e42e8cbdda0
Monitoring Plan Developer,"Design a clinical trial protocol for a Phase II oncology study, focusing on a risk-based monitoring ...",772e4008-fcb2-441a-bbad-4253d0dffdc3,Outline a comprehensive trial operations management plan for a multi-center study assessing a new di...,38d2cb1d-6e5b-4ea9-8355-95c324834fe3,Develop a risk-based monitoring strategy for a Phase III clinical trial evaluating a novel cardiovas...,97d1b429-b679-439a-93c8-637ceb2e469f,Create a checklist for ensuring compliance with regulatory requirements in the clinical protocol des...,a1116e08-852f-4a34-95be-688489d6be21
Multi-Omics Integration Specialist,Based patient's multi-omics data,401466f0-b2df-4c9b-b290-1a666f6b304a,Achieve Maximum Efficacy While Minimizing,9941df00-0f08-4a5e-a9ac-946638ead36b,Analyze latest clinical trial results,986d40dd-ded0-4161-a33b-a8f80bf2569b,Identify Potential Biomarkers That Could,1f282b5a-c3ba-4c6a-9e78-f6200bcb5909
NDA/BLA Coordinator,Provide detailed submission strategy new,c4eecb82-cd4b-4a83-89db-19c86bd4910f,Analyze potential regulatory challenges associated,0fb7f17c-b39a-4f09-8eef-d04746dd01a8,Outline steps necessary interpret recent,9e505d5e-0d7b-462e-a94f-8bba9ae5daac,Develop checklist ensuring regulatory compliance,a3965a59-3480-44ce-9137-8fdd26fe3c81
Nanomedicine Expert,Develop a comprehensive clinical protocol for a phase II trial assessing the efficacy of a novel nan...,1549750b-72c8-443c-99f8-3422b918d3bf,Outline a step-by-step plan for managing trial operations for a multicenter study involving a nanome...,2dda6c22-a5ad-49ea-8e7a-29740e91ec41,"Create a framework for data quality assurance in a clinical trial involving nanomedicine, detailing ...",deed607b-a85c-4f2e-8773-7bc097bb6c26,"Design a patient safety maintenance strategy for ongoing clinical trials using nanomedicine, incorpo...",f3caaa23-38d4-4469-8d22-9cb65222d2e6
National Account Director,Analyze the current payer...,18a120be-6cca-4966-a2e2-d6a040413dc9,Develop comprehensive plan optimize our,b12d05fe-254e-4baa-bb26-93dcfd050d55,Create detailed presentation best practices,a607bc20-53cf-4dbd-8624-1e67e79a6b59,Outline step-by-step approach evaluate and,aa31a46b-8798-42f4-9a40-f816671be008
Natural Language Processing Expert,evidence-based guidelines should I follow,2968e87d-4167-499f-8c13-d7c8060a6463,Given patient's current medication list,ba532bfc-25d3-43e8-871b-f6480e23a249,calculate appropriate dosing regimen pediatric,151ce50b-65af-44d4-b826-8336d82265b0,Ensure Safe Pharmacotherapy Decision Support,21ac3e97-c08c-45a7-bcb7-05e4533acf92
Needs Assessment Coordinator,Evaluate the latest clinical trial data and summarize how it can inform our upcoming market access s...,dca37d29-8e66-4019-b529-183f201f6322,Identify and outline the key opinion leaders in rare diseases who could be engaged for a roundtable ...,9f4ba308-ba05-4ed3-831c-5d09763d894b,Develop a comprehensive outline for a medical publication that highlights the real-world evidence su...,b145f959-5359-447b-bdbf-9afb7c137c6f,Design a needs assessment survey targeted at healthcare providers to determine the barriers they fac...,60a37779-20ba-4bbc-a611-f944f8d4288c
Neurodegenerative Disease Specialist,Develop comprehensive clinical protocol Phase,23e97b5a-5c27-40a7-aa5e-0009e11cc7b3,Outline step-by-step operational plan managing,4f5b3e5e-06f7-4ed7-bff0-027750369a2f,Create checklist ensuring patient safety,cdc732d0-8c54-4724-b004-ef6e3377f49f,Propose framework assessing data quality,d43a602d-8a58-4b98-8787-9433b211ff4b
Omnichannel Strategist,Analyze our current multi-channel marketing,19841758-04e5-49cc-badd-97d1a82c138d,Provide detailed report effectiveness,b91c04cc-59bc-490d-bd99-b915a41b3dd5,Identify key demographic segments within,29fd286b-e682-4df8-a5bb-f072d135645f,Evaluate current pharmacotherapy decision support,0095d169-f597-4945-b511-b7c2fb38d021
Oncology Clinical Specialist,Outline step-by-step process designing clinical,5871d2cb-47ef-42c9-9f24-86fb62a63a61,Create detailed plan managing trial,8ccdc559-d402-49c3-ba93-4e02ae5cb033,Develop checklist ensuring data quality,7b1268f7-b193-4bf9-a94d-6dcdb484ff5c,Draft comprehensive patient safety maintenance,c3d01156-df3a-4193-9640-8967dc7f5d03
Oncology Medication Specialist,Provide evidence-based recommendations for the first-line treatment of stage III non-small cell lung...,a8430696-e4d7-4ab5-b1ab-2beaf76ccc4b,"Calculate the appropriate dosage of pembrolizumab for a 70 kg patient with metastatic melanoma, cons...",114df177-ea5e-4f1e-8778-2d0a047ed280,Assess potential drug interactions between tamoxifen and commonly prescribed antidepressants in brea...,74a5d8c6-3457-436e-b7cd-250fc41871c7,Guide me through the decision-making process for selecting a safe pharmacotherapy regimen for a pati...,baccdb42-56f5-464c-99aa-35f1737a3836
Oncolytic Virus Expert,Design clinical protocol oncolytic virus,96b204e4-f82b-4be7-af64-be254888ddea,Outline operational management plan executing,693245d3-bcfe-4358-bbe4-66aef61a25b5,Develop data quality assurance checklist,8544fe0d-ed4a-4977-94d9-c57f22f2332a,Create patient safety maintenance strategy,fbddaee4-04f9-438c-ad59-fe87f42daa31
Organ-on-Chip Specialist,Design clinical protocol Phase II,6cd92f46-77fe-4c7c-a73d-d6515fab8204,Outline plan managing trial operations,95ef56d2-7d1b-4ed5-b63c-60fc7e02ed77,Create checklist monitoring patient safety,6bd99766-0477-4520-acc4-9b487177bb32,Develop report summarizing how organ-on-chip,be0fc1a3-316e-4583-abea-17e64e4eaad3
Organoid Platform Expert,Draft clinical trial protocol organoid,65c83bd5-332a-449e-9396-5fc58fe2f1b4,Outline step-by-step plan managing trial,e490f1ee-03fb-4f63-9187-aeabd85483fb,Create checklist ensuring data quality,5f248aeb-a96d-4804-bc10-664f43872af1,Develop patient safety maintenance strategy,941453bc-d052-44c7-853d-a71de74d2a59
Orphan Drug Designator,Provide detailed strategy obtaining orphan,e78c96b4-9c83-47e2-a6f9-b152eb8bed77,Interpret latest FDA regulations orphan,3fef234c-40e3-4896-a1ca-2ddeccc9d5dc,Develop comprehensive submission plan orphan,d4c22f94-a951-43ba-a32a-0094c1d58da2,Assess compliance with FDA requirements,f0734d1d-251d-47c1-8009-d9ab72139d11
Outcomes Research Manager,Develop comprehensive study design Phase,ea15f00b-08f3-43f9-bb4b-922a22a5f31c,Create framework generating patient-centered evidence,3b05f59c-f788-41c9-8997-10eb01061322,Outline detailed plan development,3624fb28-308e-4cc9-b6a8-5cbe07cfe7ae,Design digital health intervention aimed,08cd200c-5702-4750-84e9-bde3a8544408
Outcomes Research Specialist,Design real-world evidence study evaluate,8444363e-fac0-4f3f-80f5-4c2a305f8440,Conduct comparative effectiveness research analysis,eaa54455-8680-403b-9b24-3456091a865d,Develop plan collecting and analyzing,0046574e-9019-481b-a551-c4f0a4d42a37,Outline steps implement systematic review,e5593a2f-dc7b-461f-bc5d-42c3dd07f431
PROTAC Expert,Design proteolysis-targeting chimera (PROTAC) specific,49903ef2-3609-4845-bbf7-886f4d173887,Outline comprehensive clinical trial management,7cc9cbe4-48fe-453f-9932-814d79c00d52,Develop checklist data quality assurance,4385f116-c40e-4976-aca2-21fcb044b007,Create patient safety maintenance protocol,d5e36cc1-6bc4-4881-b66f-e92e441626ae
PSUR/PBRER Writer,Analyze most recent safety data,1bccf9e7-7680-40ae-b8f1-870fe63c9b52,Prepare comprehensive benefit-risk assessment new,04815e1d-b726-4955-80ff-0427cddcb631,Draft detailed safety report our,6a8e12a5-1d40-43a3-b399-39438d797681,Implement patient safety monitoring plan,aeebc1b0-d2b8-4b94-9177-bcfd8ac83c7f
Pain Management Specialist,Evaluate latest evidence-based guidelines opioid,44879c9c-217f-4d71-bca2-78f974551b31,Given patient profile chronic lower,3b8b6dd7-bad2-4320-89bd-6612f30f2fec,Assess potential drug interactions patient,37e02f4e-69a4-41e8-af7c-c1aacaaf9f0e,Develop pharmacotherapy decision support plan,6244b8e6-d7a5-4961-9584-7211f9a9b365
Patient Access Coordinator,Initiate Therapy With Our New,dcff47b3-efb0-4011-8659-ff3b99cac43d,provide detailed guide how navigate,7c9e1b99-b3c4-4ee4-85ed-b310406afa22,Patients To Help Them Understand,5861757a-5de1-4910-8551-eeaae947b443,can I assist patient scheduling,a1955fae-6f77-40f6-ac3b-92545fb25926
Patient Access Director,Outline a step-by-step plan...,42059e06-0bb7-4544-a0c8-66631fd3043d,Develop comprehensive strategy implementing therapy,09c3959c-89ef-4c25-8af1-39e52dff5130,Create framework leading cross-functional team,385a13bf-e25d-4dcc-a3fb-afaf78a95b18,Propose a digital health...,6ea32429-ae34-4317-bcea-510d1f13be38
Patient Advocacy Relations,Provide a detailed analysis of the evidence-based medication guidance for a specific drug used in on...,d3f33dd7-34b9-450c-8531-2a1427c31458,Calculate the appropriate dosing regimen for a patient with renal impairment based on their creatini...,b625513a-410b-4dd8-9d48-1d7d163dd959,Assess potential drug interactions for a patient currently prescribed multiple medications for chron...,7dd5e257-4cd5-48f7-80cf-25a1c02272a5,"Draft an outreach plan for engaging with patient organizations focused on rare diseases, outlining s...",c6217ae7-dbf8-4307-aab9-53f28aeb11c4
Patient Journey Mapper,Analyze the latest clinical trial data for drug X and provide evidence-based guidance on its optimal...,2c07bacd-7c21-4823-9944-677a8aea5af9,"Assess potential drug interactions for a patient on medication A and medication B, and recommend saf...",29a8b0a6-f629-4a44-872e-32e058380106,Generate a comprehensive report on the safe pharmacotherapy pathways for patients with chronic condi...,da9ff115-39f4-4208-a7c8-61b255c50b95,"Calculate the appropriate dosage of drug Y for a pediatric patient using their weight and age, consi...",e4557b99-cb2f-4a86-9fdb-f0d9f72fe63d
Patient Recruitment Strategist,Develop detailed patient recruitment strategy,91d99db5-0b8e-444d-83e9-22e2bb62ca62,Outline comprehensive trial operations management,3c0917c6-0e84-4634-a589-f1e7094e4d29,Create checklist data quality assurance,5edceb12-845b-4903-a4fd-8c2f952ecd5e,Propose patient safety maintenance protocol,698e2c1d-d64c-4bb8-99e1-6ac1c9d88011
Patient-Reported Outcomes Specialist,Our New Oncology Trial,890c198f-aa3c-4312-ac28-bed13828ec43,outline step-by-step process integrating digital,cef29e5c-0c2d-418b-b7f2-b25656d467a9,Ensure Data Quality Assurance Throughout,38e8c601-eafd-445b-9d76-12b78827f18b,Adjust Our Study Parameters During,b1c453b1-b5d1-4a4a-8cf5-5a84b06e03ff
Payer Marketing Manager,Develop a comprehensive payer...,5a39a8ca-56c1-496b-ae22-5ce065c0c189,Create detailed account support tool,477bfb02-aadd-444d-911a-808c3045a36f,Outline marketing content strategy that,7127070e-8f0c-428c-8268-1fb8f1168915,Design series educational materials payers,0c76892c-f4da-4c50-9b40-cdf0abf7aac8
Payer Strategy Advisor,Analyze latest clinical trial data,e07e3b61-238d-4669-89a3-5a18dad67452,Maximize Treatment Outcomes,1fdd65f3-ba65-4a21-89db-44e47fd617fb,Assess potential drug interactions Patient,342c12d8-3864-4508-99a9-c9675ce921de,Develop detailed payer engagement strategy,f3983d38-d226-4b49-94ff-58bf2982258d
Payer Strategy Director,Develop comprehensive payer engagement strategy,d32925ca-0032-40d7-aeda-be93df7febb8,Analyze current formulary placement our,b54f8b21-c67c-4c63-b0ae-a2ffbb9c7e46,Create market access strategy that,d18e4fde-1ec7-4382-8627-ebefc868aabd,Design workshop sales team focused,45aebf72-9c61-48e9-967e-8baeda7c28c6
Payor Account Strategist,Provide detailed analysis clinical evidence,70b4606e-accf-4ac1-a631-307b77b8f5e8,Calculate optimal dosing regimen our,a1328c8a-b221-4b5d-b9f6-6c4b63a1a680,Assess potential drug interactions patient,5755950a-e48f-4f73-8241-58986a49193c,Develop targeted outreach strategy key,26c66f0d-18e5-4e71-b414-497fb8886fa3
Pediatric Clinical Specialist,Design clinical trial protocol focused,301c63bc-95eb-4348-9f4a-36472ed547b6,Outline detailed plan managing trial,8ac93a0c-b170-416a-a414-c51426f0414f,Create checklist data quality assurance,b42f2bd5-6c4f-453b-b516-f95f5a0202fe,Develop patient safety monitoring plan,127d892b-a4e4-46da-9a2d-e3eff992fded
Pediatric Dosing Specialist,Provide detailed calculation appropriate dosing,67d74b54-9761-418b-b349-db3d34264103,Assess potential drug interactions pediatric,21b362fd-1be7-4c4b-b452-abe73c5c3a3e,Review latest evidence-based guidelines use,01ab599c-49a4-4be2-b3a7-a59627b9e24a,Develop safe pharmacotherapy plan pediatric,29e91ef5-27a6-414a-8bcf-53d27675476b
Pediatric Regulatory Advisor,Adult Trials,e7a7c6e4-df67-4267-b9c1-3a7d9ec9cb1d,provide step-by-step guide how develop,67db3d7e-1e57-4e29-87ea-f7a5519f3dc6,Account When Interpreting Fda Regulations,7dcab0d2-f6aa-4038-8e93-ca403ce529c1,can we proactively ensure ongoing,6d2d5f10-b9ca-4e6c-93ee-ed47012ec14c
Peptide Therapeutics Specialist,Design clinical trial protocol novel,faf62037-1345-441b-af7b-1e5fe9904f5f,Outline key steps and best,0c0ed32e-d7bf-4b8f-86d3-40fabd97b40a,Develop comprehensive data quality assurance,f6d60cf3-5d8d-4e35-97ad-68f0394c1b5c,Propose patient safety monitoring framework,33a33f9d-6e4f-48a6-ba47-53890020e83e
Personalized Medicine Specialist,Design a clinical protocol for a phase II trial focused on a personalized medicine approach for pati...,7f85828c-566b-45b4-859c-5bbefc4ffd45,Outline a comprehensive management plan for trial operations that ensures efficient patient recruitm...,cacb4613-def7-400d-9e99-ec26bc0768ab,"Develop a checklist for data quality assurance specific to a personalized medicine study, addressing...",28fa91e7-5d88-4ebb-b0ee-ea98f6403fb5,Create a patient safety monitoring framework for a personalized medicine clinical trial that incorpo...,210f3234-7dc0-4481-828f-b0ab7a9caa0d
Pharmaceutical Technology Specialist,Provide evidence-based medication guidance for managing hypertension in a 65-year-old patient with c...,603b9283-35c0-4a16-8d6d-6743cf361aa0,Calculate the appropriate dosing regimen for a 45-year-old patient with type 2 diabetes who has rena...,dc5ac6bf-1610-4b86-9736-4866ecdc5daf,"Assess potential drug interactions for a patient prescribed atorvastatin, lisinopril, and metformin,...",bcbcad2c-818a-4fbb-8d63-ab7b11a24348,Offer pharmacotherapy decision support for initiating treatment in a patient diagnosed with major de...,4550b185-a623-46cd-b185-4d17241e1ea2
Pharmacogenomics Expert,Design clinical protocol Phase II,43c91d02-fb2a-4645-9d5d-de01f6bb490f,Outline comprehensive trial operations management,5385af31-ba20-406f-b91f-7dcb20afbe93,Develop data quality assurance checklist,4a2a1c9e-9b9d-4757-9022-7bf53b2448ba,Create patient safety maintenance strategy,d3208391-5388-4101-af0f-efe7045afe37
Pharmacokinetics Advisor,Calculate appropriate dosing regimen patient,e7628fd3-7c5f-4fc9-93c0-9ca22119fe2b,Evaluate potential drug-drug interactions patient,2265b2ea-9059-4d9e-a35e-c2f87ca003c1,Assess pharmacokinetic profile new oral,6028d860-c703-4273-b088-47d297ec116d,Provide pharmacotherapy decision support analysis,4613e997-a672-4e07-8095-9e323eb7e9eb
Pharmacology Study Planner,Based latest clinical guidelines,0ec5a8f9-29d1-42a8-ae56-55003bdc1d1b,Evaluate potential drug interactions between,0328f3b5-f1ea-4333-ab49-686f28d7c4bc,Using patient's age,f4b8971b-e4e7-4c86-8086-66732246db91,Given patient history heart failure,3814921e-adbe-4e6a-8baf-df05f6148c31
Policy & Advocacy Director,Develop comprehensive strategy enhance patient,3b47887b-2799-41a2-9616-7ded95ee1411,Analyze current market conditions specific,f7d1c610-96fb-45c0-b115-6a99aa4d8b01,Draft a policy brief...,adcaefa8-92c6-4ab9-ab85-3413b6089718,Create communication plan engaging with,d1a013a1-bd3b-41ad-a8d4-6b200c097861
Population Health Analyst,Analyze the latest clinical trial data on hypertension medications and provide evidence-based recomm...,5760be34-02f9-4432-b25e-2e1f44942a20,Calculate the appropriate dosing regimen for a 65-year-old patient with renal impairment who is star...,141b0a76-bd1a-437a-b94f-28d2f9be402d,Assess potential drug interactions for a patient currently taking atorvastatin and lisinopril who ha...,c95f1171-fdca-4463-9ded-0bb55a29e424,Provide a detailed report on the cost-effectiveness of a new biologic treatment compared to standard...,14710b0e-e105-4db1-a451-c256789604b8
Post-Approval Change Manager,What are the key steps to develop a submission strategy for a new drug application in light of recen...,5e97994e-9289-4d4a-98c9-a195eee04a26,Can you provide an analysis of how the latest FDA regulations impact our current clinical trial prot...,75556bb7-e6ad-4a52-8acc-ba1b35d7a392,Outline a compliance checklist for our post-approval changes to ensure adherence to FDA requirements...,0ce6b1e3-ddab-4ef0-907c-2a6bfd5cf603,How can we strategically navigate potential regulatory hurdles when planning to launch a digital hea...,2da14a26-0678-4ee9-8ad5-c7685a253fbf
Post-Marketing Commitment Coordinator,Consider When Developing Our Submission,e6922540-fb7f-4659-9f32-b6e868b6c7b9,provide step-by-step plan interpreting recent,461d3321-68ac-4bbe-92f8-4008ec20eaab,Outline comprehensive approach assess our,31bf9cde-23b6-4b74-92cf-b09378b3c16b,Develop strategic framework communicating our,b81ab486-2334-42a0-b7ce-8ed9f527c0f6
Post-Marketing Surveillance Coordinator,Analyze recent adverse event reports,c32208a7-b9cc-46ba-a7a5-5dbc070158a7,Prepare detailed benefit-risk assessment our,2f61251c-6068-4330-8e66-605d9a27b507,Draft comprehensive safety report summarizing,529f9d47-8758-4e1b-9c8f-ce661b020e58,Implement proactive monitoring plan using,38f85934-1cc7-4620-823f-8e4fe03b57df
Predictive Modeling Specialist,Using patient demographic data and,41f02f20-95ba-4616-a42a-1a5a92730690,Calculate appropriate dosing regimen 75,47bf626a-401e-43d8-b02b-d84baa172573,Assess interaction between atorvastatin and,325c22c7-3f57-440f-b7fc-36a62f097054,Develop pharmacotherapy decision support tool,0b810d24-7e4b-44f8-afb5-31c1270016aa
Pricing Analyst,Analyze pricing strategies our top,c012844a-4e79-49b0-9218-ba62bb47c3f9,Using elasticity modeling,34a49cb2-0b98-4d6e-9bd1-090ade9100a3,Evaluate the current market...,3b5ab685-6154-4282-957d-1fa1f072d683,Conduct comprehensive competitive analysis emerging,88d16413-a0c9-4771-a4d1-1da508474c07
Pricing Strategy Advisor,pricing strategies can we implement,86c2eeb8-c19e-4476-b0f2-8f60d0f51a74,Maximize Patient Adherence While Considering,edf02e22-149a-4dcb-8c67-79cb108e12e2,Accommodate Potential Drug Interactions Identified,f63cb33a-a87c-482f-8a81-74a046ca548e,Ensure Our Pricing Aligns With,6a036123-c3e6-46fa-ad31-18fe7c58e2ad
Pricing Strategy Director,Analyze pricing strategies our top,91039784-3294-46f4-9725-84697569ea6e,Develop comprehensive pricing strategy our,413bb976-9eab-417b-abde-715783a18385,Conduct profitability analysis our existing,aaab1e75-43d8-4dbe-9078-92d74091e519,Create market analysis report that,d74dcb76-4f5b-4e55-bb35-427735d72171
Prior Authorization Manager,Analyze the current prior...,eb7b9a62-12ee-4f45-b1d1-64fe2cc038e3,Develop step-by-step guide healthcare providers,7e66035e-f952-4deb-b67c-fbfcc942a6c4,Create report impact recent,5747cac9-e3c5-466d-a437-5273adc181b4,Design outreach program educate patients,afcba763-825f-46db-99fe-b52efb54f310
Prior Authorization Navigator,Provide evidence-based guidelines obtaining prior,2a77baac-7949-45df-a4ea-3794332e9403,Calculate correct dosing regimen patient,79c7b578-ac00-4c8b-82c7-7153bb582b5c,Identify potential drug interactions between,bb4a172d-cdd8-4959-9384-c9a336669bd8,Assist formulating pharmacotherapy decision support,f303805e-bd6a-491c-9a8d-1ed43ac8f997
Privacy Officer,What steps should a pharmaceutical company take to ensure compliance with GDPR when collecting patie...,dfb284da-d5c8-47d7-812c-5575486c1825,Can you provide a detailed checklist for assessing drug interactions for a new medication being deve...,7aeea269-d4c2-4e3b-85e9-bbda4a9e0642,What specific regulatory requirements must be met for a digital health app that stores sensitive pat...,f896c2d8-4962-4ed6-b342-906d8f16e0c8,How should a company document and mitigate potential privacy risks associated with patient data in p...,1290b780-e1dd-4946-a1d4-a4365f10fa1b
Process Development Engineer,Evaluate evidence-based medication guidelines treating,5da739ce-f254-4d20-a83e-99b7acd66f36,Calculate appropriate dosage new anticoagulant,dd233359-8157-4610-b3b7-38a4d0913680,Assess potential drug interactions patient,c4380a45-958b-4ed3-a4bd-735256d9e694,Develop pharmacotherapy decision support framework,ac89c7b0-a6e5-4389-b41d-7c18e4eefd5b
Process Optimization Analyst,Analyze current production workflow identify,ee2e6d04-5bd2-4d20-a257-e9e6e52f931c,Calculate optimal dosing regimen new,f5237759-222f-4291-8a8e-5bc152b21409,Assess potential drug interactions recently,713a474e-0cd4-4872-8b25-12a0a816bd1c,Develop pharmacotherapy decision support tool,96ce0558-aeaf-4652-a5d8-169a10cf0a37
Procurement Strategist,Analyze our current drug supplier contracts and identify opportunities for cost reduction while main...,8fea7698-0da2-4b38-9502-795548b42b00,"Develop a strategic sourcing plan for acquiring new biotech research materials, considering supplier...",879655d5-f34d-430a-a4e0-cb3a9bf4d921,Assess potential drug interactions for a new medication we are considering adding to our product lin...,6fc8c3f6-ba8e-4416-a6bc-fe87f6cc4978,Design a procurement strategy that integrates digital health solutions to streamline our supply chai...,e05831cb-03af-4fe2-9b2f-57857012c7c8
Product Launch Strategist,Outline step-by-step commercial launch plan,5e0c8754-91b7-4e83-852c-a323af379223,Develop comprehensive execution timeline launching,13a99df2-5ffc-42ed-b5ea-97b2bfe3df43,Provide detailed medication guidance framework,ea1d6ad4-77c2-4bfc-94bc-a8a64ee350dd,Analyze pharmacotherapy decision support needs,4c7454b4-68ef-4060-95fb-623dc319f23c
Production Scheduler,Analyze current production schedule our,c9190261-f393-494c-9755-3f7e5e097a84,Provide detailed dosing calculation our,f4192061-090b-4f76-942c-8f72692acda1,Assess potential drug interactions our,74e89209-d18f-484b-b805-7903d8665019,Generate prioritized action plan implementing,862c20bb-6bcc-4d96-a8c7-16362e13c554
Project Coordination Agent,Create detailed project timeline clinical,a901caaa-684f-41a7-9840-467748392411,Develop status report template tracking,99e254f1-ae31-4661-990c-fc05b10e783d,Draft communication plan engaging with,eaa07139-bf19-44f0-94b9-f7ac78526435,Outline process coordinating feedback from,d017cbfd-02d6-470c-8b08-dd507b957743
Promotional Material Developer,Create promotional brochure highlighting benefits,c5e8d33d-cf6c-43a0-9a22-6a436095c25b,Develop training module pharmaceutical sales,f7b3ce23-ce86-404c-8aa7-cd988a3482be,Design digital infographic that illustrates,d23d5aed-5942-42f6-bfb8-45e0c7d64c1f,Prepare comprehensive email campaign targeting,00bb576b-b94d-4e38-9c94-6f2136d4d888
Publication Planner,Outline detailed plan engaging key,08fc3acf-8035-46ed-97c8-499ae5330c1c,Develop publication strategy our upcoming,fd76f665-84a8-4ef0-802f-54be4c075f2f,Create comprehensive review existing medical,4fa1cd42-e383-4502-b1c9-01b871b563ac,Draft step-by-step guide our team,3bc1ec74-1131-444b-bf58-9c13ae9ff074
comparability_study_designer,Provide detailed analysis dosing regimens,e2cd5003-8006-455b-9016-d07e641b99ad,Assess potential drug interactions between,9adaae5d-ce87-444f-bbf0-65f5c61ff509,Generate pharmacotherapy decision support framework,5472c117-9630-4454-b809-e746dbf86638,Design comparability study protocol evaluate,f7698683-df4c-44bd-be54-3e15b9864ee2
formulation_development_scientist,Provide detailed formulation strategy stable,c367830e-43da-4e3d-9111-0da70ed73493,Calculate appropriate dosing regimen pediatric,1c77529d-d520-4ca8-8cd4-8cae3ea245cd,Assess potential drug interactions patient,dffea24b-7f57-4424-af46-29a5e67107e0,Outline step-by-step approach developing novel,db4b2c5f-6055-4cb1-85f5-e3729ae05f7a
mRNA Vaccine Expert,"Design a clinical trial protocol for a novel mRNA vaccine targeting a new strain of influenza, ensur...",9c22d3bd-749e-4706-bf1e-acae73224cd5,"Outline a comprehensive operational plan for managing a phase 3 clinical trial of an mRNA vaccine, i...",f522aa96-6e0c-410c-b1b2-52830aadaf4e,Develop a checklist for ensuring data quality assurance in the collection and analysis of clinical t...,2916c98f-c425-4b77-b9bd-8ca4c4cdcc8a,"Create a patient safety monitoring plan for an ongoing clinical trial of an mRNA vaccine, detailing ...",7b875d3d-e602-46e1-ae47-6a5a286550b5
oligonucleotide_therapy_specialist,Design clinical protocol Phase II,e7753128-ccfc-4f7b-a9e4-9a3173009c2e,Outline key operational steps needed,70d4d2ff-bb5c-4c76-977f-518299a75ae6,Develop checklist data quality assurance,5001e9af-e7ef-438a-999b-26c1914efa02,Create comprehensive plan maintaining patient,eef51a12-4a74-4a0a-a0d4-d531db1b32ae